deputy_id,nom,prenom,groupe_abrev,groupe_nom,parti_rattachement,dept,circo,period_start,period_end,scrutins_eligibles,votes_exprimes,non_votant,absent,participation_rate,pour_count,contre_count,abst_count,amd_authored,amd_adopted,amd_adoption_rate,amd_cosigned,interventions_count,interventions_chars,top_dossier_id,top_dossier_titre,top_dossier_score
PA1008,David,Alain,SOC,Socialistes et apparentés,Parti socialiste,Gironde,4,2026-01-29,2026-02-28,584,41,0,543,0.0702,14,27,0,0,0,,215,0,0,,,
PA1567,Guedj,Jérôme,SOC,Socialistes et apparentés,Parti socialiste,Essonne,6,2026-01-29,2026-02-28,584,93,0,491,0.1592,25,68,0,0,0,,159,0,0,,,
PA1592,Habib,David,LIOT,"Libertés, Indépendants, Outre-mer et Territoires",Régions et peuples solidaires,Pyrénées-Atlantiques,3,2026-01-29,2026-02-28,584,3,0,581,0.0051,3,0,0,0,0,,30,0,0,,,
PA1630,Herbillon,Michel,DR,Droite Républicaine,Les Républicains,Val-de-Marne,8,2026-01-29,2026-02-28,584,2,0,582,0.0034,1,1,0,1,0,0.0000,29,0,0,,,
PA1654,Hollande,François,SOC,Socialistes et apparentés,Parti socialiste,Corrèze,1,2026-01-29,2026-02-28,584,17,0,567,0.0291,7,10,0,0,0,,129,0,0,,,
PA227089,Létard,Valérie,LIOT,"Libertés, Indépendants, Outre-mer et Territoires","Union des démocrates européens, centristes et indépendants",Nord,21,2026-01-29,2026-02-28,584,17,0,567,0.0291,9,8,0,0,0,,56,0,0,,,
PA266793,Bony,Jean-Yves,DR,Droite Républicaine,Non rattaché(s),Cantal,2,2026-01-29,2026-02-28,584,107,0,477,0.1832,74,27,6,2,0,0.0000,34,0,0,,,
PA266797,Gosselin,Philippe,DR,Droite Républicaine,Les Républicains,Manche,1,2026-01-29,2026-02-28,584,204,0,380,0.3493,130,62,12,9,1,0.1111,178,0,0,,,
PA266808,Rolland,Vincent,DR,Droite Républicaine,Les Républicains,Savoie,2,2026-01-29,2026-02-28,584,60,0,524,0.1027,23,35,2,6,0,0.0000,68,0,0,,,
PA267042,Favennec-Bécot,Yannick,LIOT,"Libertés, Indépendants, Outre-mer et Territoires",Horizons,Mayenne,3,2026-01-29,2026-02-28,584,69,0,515,0.1182,28,38,3,0,0,,39,0,0,,,
PA267200,Huyghe,Sébastien,EPR,Ensemble pour la République,Les Républicains,Nord,5,2026-01-29,2026-02-28,584,146,0,438,0.2500,99,39,8,23,4,0.1739,108,0,0,,,
PA267285,Wauquiez,Laurent,DR,Droite Républicaine,Les Républicains,Haute-Loire,1,2026-01-29,2026-02-28,584,6,0,578,0.0103,5,1,0,0,0,,30,0,0,,,
PA267318,Grelier,Jean-Carles,DEM,Les Démocrates,Ensemble ! (majorité présidentielle),Sarthe,5,2026-01-29,2026-02-28,584,12,0,572,0.0205,10,2,0,0,0,,0,0,0,,,
PA267763,Bataille,Jean-Pierre,LIOT,"Libertés, Indépendants, Outre-mer et Territoires",Régions et peuples solidaires,Nord,15,2026-01-29,2026-02-28,584,44,0,540,0.0753,21,19,4,0,0,,80,0,0,,,
PA267780,Firmin Le Bodo,Agnès,HOR,Horizons & Indépendants,Horizons,Seine-Maritime,7,2026-01-29,2026-02-28,584,177,0,407,0.3031,37,133,7,29,3,0.1034,64,0,0,,,
PA267794,Tabarot,Michèle,DR,Droite Républicaine,Les Républicains,Alpes-Maritimes,9,2026-01-29,2026-02-28,584,3,0,581,0.0051,2,1,0,1,0,0.0000,30,0,0,,,
PA2940,Voynet,Dominique,ECOS,Écologiste et Social,Les Écologistes - EELV,Doubs,2,2026-01-29,2026-02-28,584,293,0,291,0.5017,67,213,13,0,0,,137,0,0,,,
PA2952,Warsmann,Jean-Luc,LIOT,"Libertés, Indépendants, Outre-mer et Territoires",Non rattaché(s),Ardennes,3,2026-01-29,2026-02-28,584,3,0,581,0.0051,2,1,0,0,0,,6,0,0,,,
PA2960,Woerth,Éric,EPR,Ensemble pour la République,Ensemble ! (majorité présidentielle),Oise,4,2026-01-29,2026-02-28,584,110,0,474,0.1884,51,56,3,0,0,,53,0,0,,,
PA309643,Besse,Véronique,NI,Non inscrit,UDR - Union des Droites pour la République,Vendée,4,2026-01-29,2026-02-28,584,108,0,476,0.1849,85,20,3,56,0,0.0000,124,0,0,,,
PA330008,Breton,Xavier,DR,Droite Républicaine,Les Républicains,Ain,1,2026-01-29,2026-02-28,584,82,0,502,0.1404,61,14,7,1,0,0.0000,355,0,0,,,
PA330240,Ciotti,Éric,UDDPLR,Union des droites pour la République,UDR - Union des Droites pour la République,Alpes-Maritimes,1,2026-01-29,2026-02-28,584,6,0,578,0.0103,5,1,0,10,0,0.0000,0,0,0,,,
PA330909,Descoeur,Vincent,DR,Droite Républicaine,Les Républicains,Cantal,1,2026-01-29,2026-02-28,584,71,0,513,0.1216,40,15,16,2,0,0.0000,53,0,0,,,
PA331582,Vigier,Philippe,DEM,Les Démocrates,Ensemble ! (majorité présidentielle),Eure-et-Loir,4,2026-01-29,2026-02-28,584,186,0,398,0.3185,48,138,0,0,0,,11,0,0,,,
PA331973,Got,Pascale,SOC,Socialistes et apparentés,Parti socialiste,Gironde,5,2026-01-29,2026-02-28,584,180,0,404,0.3082,51,122,7,0,0,,132,0,0,,,
PA332228,Benoit,Thierry,HOR,Horizons & Indépendants,Horizons,Ille-et-Vilaine,6,2026-01-29,2026-02-28,584,130,0,454,0.2226,66,47,17,1,0,0.0000,80,0,0,,,
PA332523,Dalloz,Marie-Christine,DR,Droite Républicaine,Les Républicains,Jura,2,2026-01-29,2026-02-28,584,4,0,580,0.0068,3,1,0,20,0,0.0000,222,0,0,,,
PA333285,Garot,Guillaume,SOC,Socialistes et apparentés,Parti socialiste,Mayenne,1,2026-01-29,2026-02-28,584,157,0,427,0.2688,51,99,7,0,0,,129,0,0,,,
PA335054,Karamanli,Marietta,SOC,Socialistes et apparentés,Parti socialiste,Sarthe,2,2026-01-29,2026-02-28,584,108,0,476,0.1849,17,87,4,0,0,,147,0,0,,,
PA335612,Lecoq,Jean-Paul,GDR,Gauche Démocrate et Républicaine,Parti communiste français,Seine-Maritime,8,2026-01-29,2026-02-28,584,16,0,568,0.0274,12,3,1,0,0,,122,0,0,,,
PA335758,Riester,Franck,EPR,Ensemble pour la République,Ensemble ! (majorité présidentielle),Seine-et-Marne,5,2026-01-29,2026-02-28,584,5,0,579,0.0086,4,1,0,0,0,,53,0,0,,,
PA335999,Batho,Delphine,ECOS,Écologiste et Social,Les Écologistes - EELV,Deux-Sèvres,2,2026-01-29,2026-02-28,584,67,0,517,0.1147,13,53,1,0,0,,5,0,0,,,
PA340343,Saulignac,Hervé,SOC,Socialistes et apparentés,Parti socialiste,Ardèche,1,2026-01-29,2026-02-28,584,74,0,510,0.1267,25,46,3,12,1,0.0833,141,0,0,,,
PA341981,Récalde,Marie,SOC,Socialistes et apparentés,Parti socialiste,Gironde,6,2026-01-29,2026-02-28,584,100,0,484,0.1712,18,78,4,0,0,,129,0,0,,,
PA342196,Rouaux,Claudia,SOC,Socialistes et apparentés,Parti socialiste,Ille-et-Vilaine,3,2026-01-29,2026-02-28,584,181,0,403,0.3099,67,107,7,0,0,,136,0,0,,,
PA342240,Bourgeaux,Jean-Luc,DR,Droite Républicaine,Les Républicains,Ille-et-Vilaine,7,2026-01-29,2026-02-28,584,29,0,555,0.0497,17,9,3,0,0,,42,0,0,,,
PA342384,Martin,Élisa,LFI-NFP,La France insoumise - Nouveau Front Populaire,La France Insoumise,Isère,3,2026-01-29,2026-02-28,584,64,0,520,0.1096,33,27,4,3,0,0.0000,491,0,0,,,
PA342415,Battistel,Marie-Noëlle,SOC,Socialistes et apparentés,Parti socialiste,Isère,4,2026-01-29,2026-02-28,584,192,0,392,0.3288,54,135,3,59,47,0.7966,153,0,0,,,
PA345722,Le Grip,Constance,EPR,Ensemble pour la République,Ensemble ! (majorité présidentielle),Hauts-de-Seine,6,2026-01-29,2026-02-28,584,21,0,563,0.0360,12,9,0,5,0,0.0000,125,0,0,,,
PA346782,Juvin,Philippe,DR,Droite Républicaine,Les Républicains,Hauts-de-Seine,3,2026-01-29,2026-02-28,584,218,0,366,0.3733,163,47,8,124,0,0.0000,463,0,0,,,
PA368,Barnier,Michel,DR,Droite Républicaine,Les Républicains,Paris,2,2026-01-29,2026-02-28,584,26,0,558,0.0445,20,6,0,0,0,,30,0,0,,,
PA408578,Berger,Jean-Didier,DR,Droite Républicaine,Les Républicains,Hauts-de-Seine,12,2026-01-29,2026-02-28,584,57,44,483,0.0976,26,21,10,3,0,0.0000,32,0,0,,,
PA569,Bonnecarrère,Philippe,NI,Non inscrit,Alliance centriste,Tarn,1,2026-01-29,2026-02-28,584,71,0,513,0.1216,34,36,1,0,0,,0,0,0,,,
PA588884,Autain,Clémentine,ECOS,Écologiste et Social,Parti communiste français,Seine-Saint-Denis,11,2026-01-29,2026-02-28,584,44,0,540,0.0753,9,35,0,0,0,,131,0,0,,,
PA605694,Falorni,Olivier,DEM,Les Démocrates,Alliance centriste,Charente-Maritime,1,2026-01-29,2026-02-28,584,259,0,325,0.4435,47,212,0,0,0,,62,0,0,,,
PA605745,Sansu,Nicolas,GDR,Gauche Démocrate et Républicaine,Parti communiste français,Cher,2,2026-01-29,2026-02-28,584,99,0,485,0.1695,19,76,4,17,0,0.0000,72,0,0,,,
PA605782,Marcangeli,Laurent,HOR,Horizons & Indépendants,Horizons,Corse-du-Sud,1,2026-01-29,2026-02-28,584,7,0,577,0.0120,2,4,1,0,0,,35,0,0,,,
PA606507,Boudié,Florent,EPR,Ensemble pour la République,Ensemble ! (majorité présidentielle),Gironde,10,2026-01-29,2026-02-28,584,23,0,561,0.0394,13,9,1,3,1,0.3333,56,0,0,,,
PA606545,Roumégas,Jean-Louis,ECOS,Écologiste et Social,Les Écologistes - EELV,Hérault,1,2026-01-29,2026-02-28,584,64,0,520,0.1096,10,54,0,0,0,,82,0,0,,,
PA606573,Dombre Coste,Fanny,SOC,Socialistes et apparentés,Parti socialiste,Hérault,3,2026-01-29,2026-02-28,584,170,0,414,0.2911,53,113,4,17,4,0.2353,142,0,0,,,
PA606793,Baumel,Laurent,SOC,Socialistes et apparentés,Parti socialiste,Indre-et-Loire,4,2026-01-29,2026-02-28,584,199,0,385,0.3408,73,121,5,17,1,0.0588,112,0,0,,,
PA607090,Vigier,Jean-Pierre,DR,Droite Républicaine,Les Républicains,Haute-Loire,2,2026-01-29,2026-02-28,584,33,0,551,0.0565,19,13,1,27,4,0.1481,111,0,0,,,
PA607193,Errante,Sophie,NI,Non inscrit,Régions et peuples solidaires,Loire-Atlantique,10,2026-01-29,2026-02-28,584,192,0,392,0.3288,38,153,1,0,0,,6,0,0,,,
PA607395,Travert,Stéphane,EPR,Ensemble pour la République,Ensemble ! (majorité présidentielle),Manche,3,2026-01-29,2026-02-28,584,55,0,529,0.0942,23,31,1,2,0,0.0000,55,0,0,,,
PA607553,Potier,Dominique,SOC,Socialistes et apparentés,Parti socialiste,Meurthe-et-Moselle,5,2026-01-29,2026-02-28,584,215,0,369,0.3682,125,71,19,85,3,0.0353,123,0,0,,,
PA607619,Molac,Paul,LIOT,"Libertés, Indépendants, Outre-mer et Territoires",Régions et peuples solidaires,Morbihan,4,2026-01-29,2026-02-28,584,21,0,563,0.0360,13,7,1,1,0,0.0000,92,0,0,,,
PA608016,Louwagie,Véronique,DR,Droite Républicaine,Les Républicains,Orne,2,2026-01-29,2026-02-28,584,11,0,573,0.0188,6,4,1,20,2,0.1000,95,0,0,,,
PA608172,Pirès Beaune,Christine,SOC,Socialistes et apparentés,Parti socialiste,Puy-de-Dôme,2,2026-01-29,2026-02-28,584,140,0,444,0.2397,45,89,6,21,0,0.0000,109,0,0,,,
PA608264,Capdevielle,Colette,SOC,Socialistes et apparentés,Parti socialiste,Pyrénées-Atlantiques,5,2026-01-29,2026-02-28,584,142,0,442,0.2432,22,119,1,5,1,0.2000,146,0,0,,,
PA608416,Hetzel,Patrick,DR,Droite Républicaine,Les Républicains,Bas-Rhin,7,2026-01-29,2026-02-28,584,373,0,211,0.6387,247,113,13,251,15,0.0598,454,0,0,,,
PA608826,Duby-Muller,Virginie,DR,Droite Républicaine,Les Républicains,Haute-Savoie,4,2026-01-29,2026-02-28,584,59,0,525,0.1010,50,9,0,12,0,0.0000,190,0,0,,,
PA609332,Faure,Olivier,SOC,Socialistes et apparentés,Parti socialiste,Seine-et-Marne,11,2026-01-29,2026-02-28,584,3,0,581,0.0051,3,0,0,0,0,,129,0,0,,,
PA610002,Sas,Eva,ECOS,Écologiste et Social,Les Écologistes - EELV,Paris,8,2026-01-29,2026-02-28,584,109,0,475,0.1866,18,90,1,2,0,0.0000,135,0,0,,,
PA610654,Nilor,Jean-Philippe,LFI-NFP,La France insoumise - Nouveau Front Populaire,Péyi-A,Martinique,4,2026-01-29,2026-02-28,584,36,0,548,0.0616,7,19,10,0,0,,494,0,0,,,
PA610968,Amirshahi,Pouria,ECOS,Écologiste et Social,Les Écologistes - EELV,Paris,5,2026-01-29,2026-02-28,584,157,0,427,0.2688,51,104,2,0,0,,153,0,0,,,
PA642695,Bothorel,Éric,EPR,Ensemble pour la République,Ensemble ! (majorité présidentielle),Côtes-d'Armor,5,2026-01-29,2026-02-28,584,95,0,489,0.1627,24,71,0,11,0,0.0000,52,0,0,,,
PA642725,Liégeon,Eric,DR,Droite Républicaine,Les Républicains,Doubs,5,2026-01-29,2026-02-28,584,164,0,420,0.2808,80,66,18,0,0,,129,0,0,,,
PA642764,Aviragnet,Joël,SOC,Socialistes et apparentés,Parti socialiste,Haute-Garonne,8,2026-01-29,2026-02-28,584,117,0,467,0.2003,57,56,4,21,5,0.2381,140,0,0,,,
PA642847,Bazin,Thibault,DR,Droite Républicaine,Les Républicains,Meurthe-et-Moselle,4,2026-01-29,2026-02-28,584,176,0,408,0.3014,122,36,18,79,5,0.0633,619,0,0,,,
PA642868,Christophe,Paul,HOR,Horizons & Indépendants,Horizons,Nord,14,2026-01-29,2026-02-28,584,33,0,551,0.0565,18,13,2,4,0,0.0000,46,0,0,,,
PA642935,Becht,Olivier,EPR,Ensemble pour la République,Ensemble ! (majorité présidentielle),Haut-Rhin,5,2026-01-29,2026-02-28,584,18,0,566,0.0308,5,13,0,0,0,,61,0,0,,,
PA642988,de Lépinau,Hervé,RN,Rassemblement National,Rassemblement national,Vaucluse,3,2026-01-29,2026-02-28,584,185,0,399,0.3168,137,36,12,37,0,0.0000,744,0,0,,,
PA643089,Thiériot,Jean-Louis,DR,Droite Républicaine,Les Républicains,Seine-et-Marne,3,2026-01-29,2026-02-28,584,46,0,538,0.0788,34,12,0,0,0,,268,0,0,,,
PA643104,Minard,Christelle,DR,Droite Républicaine,Les Républicains,Eure-et-Loir,2,2026-01-29,2026-02-28,584,350,0,234,0.5993,242,94,14,8,0,0.0000,297,0,0,,,
PA643143,Baptiste,Christian,SOC,Socialistes et apparentés,Parti progressiste démocratique guadeloupéen,Guadeloupe,2,2026-01-29,2026-02-28,584,3,0,581,0.0051,3,0,0,0,0,,140,0,0,,,
PA643157,Naillet,Philippe,SOC,Socialistes et apparentés,Association ambition Réunion,Réunion,1,2026-01-29,2026-02-28,584,85,0,499,0.1455,31,54,0,0,0,,143,0,0,,,
PA643175,Dupont,Stella,NI,Non inscrit,Régions et peuples solidaires,Maine-et-Loire,2,2026-01-29,2026-02-28,584,243,0,341,0.4161,67,171,5,11,3,0.2727,0,0,0,,,
PA643184,Klinkert,Brigitte,EPR,Ensemble pour la République,Ensemble ! (majorité présidentielle),Haut-Rhin,1,2026-01-29,2026-02-28,584,135,0,449,0.2312,39,95,1,0,0,,53,0,0,,,
PA643192,Jourdan,Chantal,SOC,Socialistes et apparentés,Parti socialiste,Orne,1,2026-01-29,2026-02-28,584,284,0,300,0.4863,73,205,6,1,0,0.0000,140,0,0,,,
PA677483,Mazars,Stéphane,EPR,Ensemble pour la République,Ensemble ! (majorité présidentielle),Aveyron,1,2026-01-29,2026-02-28,584,77,0,507,0.1318,22,55,0,6,4,0.6667,60,0,0,,,
PA687214,Berrios,Sylvain,HOR,Horizons & Indépendants,Horizons,Val-de-Marne,1,2026-01-29,2026-02-28,584,132,0,452,0.2260,54,37,41,15,0,0.0000,65,0,0,,,
PA695512,Lepers,Guillaume,DR,Droite Républicaine,Les Républicains,Lot-et-Garonne,3,2026-01-29,2026-02-28,584,74,0,510,0.1267,36,33,5,8,0,0.0000,177,0,0,,,
PA712014,Ledoux,Vincent,EPR,Ensemble pour la République,Ensemble ! (majorité présidentielle),Nord,10,2026-01-29,2026-02-28,584,3,0,581,0.0051,3,0,0,0,0,,54,0,0,,,
PA712015,Dive,Julien,DR,Droite Républicaine,Les Républicains,Aisne,2,2026-01-29,2026-02-28,584,69,0,515,0.1182,52,16,1,5,0,0.0000,125,0,0,,,
PA717161,Borne,Élisabeth,EPR,Ensemble pour la République,Ensemble ! (majorité présidentielle),Calvados,6,2026-01-29,2026-02-28,584,49,0,535,0.0839,20,27,2,0,0,,53,0,0,,,
PA717379,Maillard,Sylvain,EPR,Ensemble pour la République,Ensemble ! (majorité présidentielle),Paris,1,2026-01-29,2026-02-28,584,74,0,510,0.1267,33,37,4,0,0,,115,0,0,,,
PA718674,Givernet,Olga,EPR,Ensemble pour la République,Ensemble ! (majorité présidentielle),Ain,3,2026-01-29,2026-02-28,584,100,0,484,0.1712,17,83,0,0,0,,61,0,0,,,
PA718784,Pauget,Éric,DR,Droite Républicaine,Les Républicains,Alpes-Maritimes,7,2026-01-29,2026-02-28,584,20,0,564,0.0342,18,2,0,4,0,0.0000,56,0,0,,,
PA718838,Brun,Fabrice,DR,Droite Républicaine,Non rattaché(s),Ardèche,3,2026-01-29,2026-02-28,584,25,0,559,0.0428,19,2,4,0,0,,31,0,0,,,
PA718850,Cordier,Pierre,DR,Droite Républicaine,Les Républicains,Ardennes,2,2026-01-29,2026-02-28,584,8,0,576,0.0137,6,2,0,0,0,,77,0,0,,,
PA718884,Bazin-Malgras,Valérie,DR,Droite Républicaine,Les Républicains,Aube,2,2026-01-29,2026-02-28,584,386,0,198,0.6610,263,111,12,13,0,0.0000,293,0,0,,,
PA719024,Blanchet,Christophe,DEM,Les Démocrates,Ensemble ! (majorité présidentielle),Calvados,4,2026-01-29,2026-02-28,584,38,49,497,0.0651,17,20,1,13,4,0.3077,11,0,0,,,
PA719032,Bouyx,Bertrand,HOR,Horizons & Indépendants,Horizons,Calvados,5,2026-01-29,2026-02-28,584,143,0,441,0.2449,40,99,4,0,0,,33,0,0,,,
PA719052,Kervran,Loïc,HOR,Horizons & Indépendants,Horizons,Cher,3,2026-01-29,2026-02-28,584,55,0,529,0.0942,29,22,4,3,0,0.0000,33,0,0,,,
PA719080,Marsaud,Sandra,EPR,Ensemble pour la République,Ensemble ! (majorité présidentielle),Charente,2,2026-01-29,2026-02-28,584,33,0,551,0.0565,10,23,0,0,0,,53,0,0,,,
PA719118,Cormier-Bouligeon,François,EPR,Ensemble pour la République,Ensemble ! (majorité présidentielle),Cher,1,2026-01-29,2026-02-28,584,171,0,413,0.2928,58,113,0,2,0,0.0000,67,0,0,,,
PA719138,Castellani,Michel,LIOT,"Libertés, Indépendants, Outre-mer et Territoires",Régions et peuples solidaires,Haute-Corse,1,2026-01-29,2026-02-28,584,3,0,581,0.0051,1,0,2,37,0,0.0000,64,0,0,,,
PA719218,Berville,Hervé,EPR,Ensemble pour la République,Ensemble ! (majorité présidentielle),Côtes-d'Armor,2,2026-01-29,2026-02-28,584,62,0,522,0.1062,32,29,1,0,0,,53,0,0,,,
PA719272,Meunier,Frédérique,DR,Droite Républicaine,Les Républicains,Corrèze,2,2026-01-29,2026-02-28,584,172,0,412,0.2945,42,127,3,0,0,,157,0,0,,,
PA719286,Colombani,Paul-André,LIOT,"Libertés, Indépendants, Outre-mer et Territoires",Régions et peuples solidaires,Corse-du-Sud,2,2026-01-29,2026-02-28,584,27,0,557,0.0462,21,6,0,21,0,0.0000,56,0,0,,,
PA719338,Melchior,Graziella,EPR,Ensemble pour la République,Ensemble ! (majorité présidentielle),Finistère,5,2026-01-29,2026-02-28,584,158,0,426,0.2705,39,115,4,1,1,1.0000,66,0,0,,,
PA719372,Kasbarian,Guillaume,EPR,Ensemble pour la République,Ensemble ! (majorité présidentielle),Eure-et-Loir,1,2026-01-29,2026-02-28,584,71,0,513,0.1216,44,27,0,166,0,0.0000,52,0,0,,,
PA719388,Le Meur,Annaïg,EPR,Ensemble pour la République,Ensemble ! (majorité présidentielle),Finistère,1,2026-01-29,2026-02-28,584,37,0,547,0.0634,21,16,0,0,0,,56,0,0,,,
PA719404,Le Gac,Didier,EPR,Ensemble pour la République,Ensemble ! (majorité présidentielle),Finistère,3,2026-01-29,2026-02-28,584,162,0,422,0.2774,40,121,1,1,0,0.0000,56,0,0,,,
PA719412,Le Feur,Sandrine,EPR,Ensemble pour la République,Ensemble ! (majorité présidentielle),Finistère,4,2026-01-29,2026-02-28,584,67,0,517,0.1147,21,45,1,0,0,,71,0,0,,,
PA719436,Meizonnet,Nicolas,RN,Rassemblement National,Rassemblement national,Gard,2,2026-01-29,2026-02-28,584,6,0,578,0.0103,5,1,0,0,0,,296,0,0,,,
PA719472,Cazeneuve,Jean-René,EPR,Ensemble pour la République,Ensemble ! (majorité présidentielle),Gers,1,2026-01-29,2026-02-28,584,51,0,533,0.0873,14,32,5,0,0,,168,0,0,,,
PA719512,Vignon,Corinne,EPR,Ensemble pour la République,Ensemble ! (majorité présidentielle),Haute-Garonne,3,2026-01-29,2026-02-28,584,220,0,364,0.3767,68,151,1,3,0,0.0000,61,0,0,,,
PA719528,Portarrieu,Jean-François,HOR,Horizons & Indépendants,Horizons,Haute-Garonne,5,2026-01-29,2026-02-28,584,3,0,581,0.0051,2,0,1,0,0,,33,0,0,,,
PA719550,Tanguy,Liliana,EPR,Ensemble pour la République,Ensemble ! (majorité présidentielle),Finistère,7,2026-01-29,2026-02-28,584,197,0,387,0.3373,145,52,0,0,0,,98,0,0,,,
PA719558,Balanant,Erwan,DEM,Les Démocrates,Ensemble ! (majorité présidentielle),Finistère,8,2026-01-29,2026-02-28,584,78,0,506,0.1336,18,55,5,1,0,0.0000,12,0,0,,,
PA719578,Prud'homme,Loïc,LFI-NFP,La France insoumise - Nouveau Front Populaire,La France Insoumise,Gironde,3,2026-01-29,2026-02-28,584,68,0,516,0.1164,21,47,0,18,0,0.0000,476,0,0,,,
PA719632,Panonacle,Sophie,EPR,Ensemble pour la République,Ensemble ! (majorité présidentielle),Gironde,8,2026-01-29,2026-02-28,584,75,0,509,0.1284,30,42,3,5,1,0.2000,65,0,0,,,
PA719640,Mette,Sophie,DEM,Les Démocrates,Ensemble ! (majorité présidentielle),Gironde,9,2026-01-29,2026-02-28,584,128,0,456,0.2192,38,85,5,5,3,0.6000,13,0,0,,,
PA719736,Galliard-Minier,Camille,EPR,Ensemble pour la République,Ensemble ! (majorité présidentielle),Isère,1,2026-01-29,2026-02-28,584,248,44,292,0.4247,51,197,0,0,0,,54,0,0,,,
PA719756,Le Nabour,Christine,EPR,Ensemble pour la République,Ensemble ! (majorité présidentielle),Ille-et-Vilaine,5,2026-01-29,2026-02-28,584,107,0,477,0.1832,34,72,1,0,0,,53,0,0,,,
PA719778,Jolivet,François,HOR,Horizons & Indépendants,Horizons,Indre,1,2026-01-29,2026-02-28,584,62,0,522,0.1062,20,42,0,0,0,,34,0,0,,,
PA719798,Labaronne,Daniel,EPR,Ensemble pour la République,Ensemble ! (majorité présidentielle),Indre-et-Loire,2,2026-01-29,2026-02-28,584,123,0,461,0.2106,53,69,1,82,15,0.1829,123,0,0,,,
PA719822,Thillaye,Sabine,DEM,Les Démocrates,Ensemble ! (majorité présidentielle),Indre-et-Loire,5,2026-01-29,2026-02-28,584,72,0,512,0.1233,29,35,8,3,0,0.0000,11,0,0,,,
PA719890,Brulebois,Danielle,EPR,Ensemble pour la République,Ensemble ! (majorité présidentielle),Jura,1,2026-01-29,2026-02-28,584,39,0,545,0.0668,12,24,3,21,1,0.0476,54,0,0,,,
PA719914,Darrieussecq,Geneviève,DEM,Les Démocrates,Ensemble ! (majorité présidentielle),Landes,1,2026-01-29,2026-02-28,584,17,0,567,0.0291,8,9,0,0,0,,11,0,0,,,
PA719922,Causse,Lionel,EPR,Ensemble pour la République,Alliance centriste,Landes,2,2026-01-29,2026-02-28,584,16,0,568,0.0274,9,7,0,4,0,0.0000,54,0,0,,,
PA719930,Vallaud,Boris,SOC,Socialistes et apparentés,Parti socialiste,Landes,3,2026-01-29,2026-02-28,584,58,0,526,0.0993,13,45,0,0,0,,129,0,0,,,
PA719938,Fesneau,Marc,DEM,Les Démocrates,Ensemble ! (majorité présidentielle),Loir-et-Cher,1,2026-01-29,2026-02-28,584,20,0,564,0.0342,9,11,0,0,0,,11,0,0,,,
PA719968,Bonnet,Sylvie,DR,Droite Républicaine,Les Républicains,Loire,4,2026-01-29,2026-02-28,584,94,0,490,0.1610,58,34,2,7,0,0.0000,589,0,0,,,
PA720022,Lauzzana,Michel,EPR,Ensemble pour la République,Ensemble ! (majorité présidentielle),Lot-et-Garonne,1,2026-01-29,2026-02-28,584,263,0,321,0.4503,46,214,3,14,0,0.0000,58,0,0,,,
PA720038,Josso,Sandrine,DEM,Les Démocrates,Ensemble ! (majorité présidentielle),Loire-Atlantique,7,2026-01-29,2026-02-28,584,13,0,571,0.0223,4,4,5,0,0,,11,0,0,,,
PA720066,Rist,Stéphanie,EPR,Ensemble pour la République,,Loiret,1,2026-01-29,2026-02-28,584,0,540,44,0.0000,0,0,0,0,0,,53,0,0,,,
PA720092,Ramos,Richard,DEM,Les Démocrates,Ensemble ! (majorité présidentielle),Loiret,6,2026-01-29,2026-02-28,584,16,0,568,0.0274,9,7,0,0,0,,11,0,0,,,
PA720100,Pradié,Aurélien,NI,Non inscrit,Régions et peuples solidaires,Lot,1,2026-01-29,2026-02-28,584,2,0,582,0.0034,1,1,0,4,0,0.0000,4,0,0,,,
PA720138,Saint-Paul,Laetitia,HOR,Horizons & Indépendants,Horizons,Maine-et-Loire,4,2026-01-29,2026-02-28,584,28,0,556,0.0479,7,17,4,0,0,,38,0,0,,,
PA720146,Masséglia,Denis,EPR,Ensemble pour la République,Ensemble ! (majorité présidentielle),Maine-et-Loire,5,2026-01-29,2026-02-28,584,93,0,491,0.1592,40,53,0,1,0,0.0000,58,0,0,,,
PA720154,Dubré-Chirat,Nicole,EPR,Ensemble pour la République,Ensemble ! (majorité présidentielle),Maine-et-Loire,6,2026-01-29,2026-02-28,584,360,0,224,0.6164,77,278,5,5,0,0.0000,58,0,0,,,
PA720162,Bolo,Philippe,DEM,Les Démocrates,Ensemble ! (majorité présidentielle),Maine-et-Loire,7,2026-01-29,2026-02-28,584,59,0,525,0.1010,22,34,3,0,0,,73,0,0,,,
PA720190,Sorre,Bertrand,EPR,Ensemble pour la République,Ensemble ! (majorité présidentielle),Manche,2,2026-01-29,2026-02-28,584,128,0,456,0.2192,32,96,0,1,1,1.0000,62,0,0,,,
PA720230,Magnier,Lise,HOR,Horizons & Indépendants,Horizons,Marne,4,2026-01-29,2026-02-28,584,301,0,283,0.5154,82,194,25,1,0,0.0000,55,0,0,,,
PA720256,Bannier,Géraldine,DEM,Les Démocrates,Ensemble ! (majorité présidentielle),Mayenne,2,2026-01-29,2026-02-28,584,139,0,445,0.2380,40,96,3,0,0,,11,0,0,,,
PA720334,Pahun,Jimmy,DEM,Les Démocrates,Ensemble ! (majorité présidentielle),Morbihan,2,2026-01-29,2026-02-28,584,58,0,526,0.0993,17,36,5,0,0,,11,0,0,,,
PA720342,Le Peih,Nicole,EPR,Ensemble pour la République,Ensemble ! (majorité présidentielle),Morbihan,3,2026-01-29,2026-02-28,584,69,0,515,0.1182,30,39,0,0,0,,55,0,0,,,
PA720354,Jacques,Jean-Michel,EPR,Ensemble pour la République,Ensemble ! (majorité présidentielle),Morbihan,6,2026-01-29,2026-02-28,584,10,0,574,0.0171,7,3,0,0,0,,53,0,0,,,
PA720362,Belhaddad,Belkhir,SOC,Socialistes et apparentés,Parti socialiste,Moselle,1,2026-01-29,2026-02-28,584,29,0,555,0.0497,21,6,2,0,0,,136,0,0,,,
PA720370,Mendes,Ludovic,EPR,Ensemble pour la République,Ensemble ! (majorité présidentielle),Moselle,2,2026-01-29,2026-02-28,584,3,0,581,0.0051,3,0,0,0,0,,56,0,0,,,
PA720386,Di Filippo,Fabien,DR,Droite Républicaine,Les Républicains,Moselle,4,2026-01-29,2026-02-28,584,50,0,534,0.0856,29,12,9,45,0,0.0000,253,0,0,,,
PA720430,Bernalicis,Ugo,LFI-NFP,La France insoumise - Nouveau Front Populaire,La France Insoumise,Nord,2,2026-01-29,2026-02-28,584,78,0,506,0.1336,17,61,0,5,0,0.0000,489,0,0,,,
PA720446,Liso,Brigitte,EPR,Ensemble pour la République,Ensemble ! (majorité présidentielle),Nord,4,2026-01-29,2026-02-28,584,268,0,316,0.4589,51,216,1,6,2,0.3333,99,0,0,,,
PA720468,Chenu,Sébastien,RN,Rassemblement National,Rassemblement national,Nord,19,2026-01-29,2026-02-28,584,34,56,494,0.0582,23,4,7,0,0,,275,0,0,,,
PA720552,Rauch,Isabelle,HOR,Horizons & Indépendants,Horizons,Moselle,9,2026-01-29,2026-02-28,584,27,0,557,0.0462,17,10,0,0,0,,33,0,0,,,
PA720560,Goulet,Perrine,DEM,Les Démocrates,Ensemble ! (majorité présidentielle),Nièvre,1,2026-01-29,2026-02-28,584,146,0,438,0.2500,26,120,0,1,0,0.0000,11,0,0,,,
PA720614,Le Pen,Marine,RN,Rassemblement National,Rassemblement national,Pas-de-Calais,11,2026-01-29,2026-02-28,584,16,0,568,0.0274,11,5,0,0,0,,222,0,0,,,
PA720644,Nury,Jérôme,DR,Droite Républicaine,Régions et peuples solidaires,Orne,3,2026-01-29,2026-02-28,584,13,0,571,0.0223,10,3,0,0,0,,35,0,0,,,
PA720668,Blairy,Emmanuel,RN,Rassemblement National,Rassemblement national,Pas-de-Calais,1,2026-01-29,2026-02-28,584,71,0,513,0.1216,57,9,5,11,0,0.0000,502,0,0,,,
PA720720,Poueyto,Josy,DEM,Les Démocrates,Ensemble ! (majorité présidentielle),Pyrénées-Atlantiques,1,2026-01-29,2026-02-28,584,93,0,491,0.1592,31,61,1,0,0,,11,0,0,,,
PA720728,Mattei,Jean-Paul,DEM,Les Démocrates,Ensemble ! (majorité présidentielle),Pyrénées-Atlantiques,2,2026-01-29,2026-02-28,584,137,0,447,0.2346,31,104,2,6,6,1.0000,11,0,0,,,
PA720822,Bilde,Bruno,RN,Rassemblement National,Rassemblement national,Pas-de-Calais,12,2026-01-29,2026-02-28,584,10,0,574,0.0171,9,1,0,0,0,,267,0,0,,,
PA720838,Bourouaha,Soumya,GDR,Gauche Démocrate et Républicaine,Parti communiste français,Seine-Saint-Denis,4,2026-01-29,2026-02-28,584,105,0,479,0.1798,51,41,13,13,0,0.0000,120,0,0,,,
PA720846,Lachaud,Bastien,LFI-NFP,La France insoumise - Nouveau Front Populaire,La France Insoumise,Seine-Saint-Denis,6,2026-01-29,2026-02-28,584,150,0,434,0.2568,55,90,5,6,0,0.0000,491,0,0,,,
PA720892,Panot,Mathilde,LFI-NFP,La France insoumise - Nouveau Front Populaire,La France Insoumise,Val-de-Marne,10,2026-01-29,2026-02-28,584,149,0,435,0.2551,60,86,3,0,0,,494,0,0,,,
PA720952,Taché,Aurélien,LFI-NFP,La France insoumise - Nouveau Front Populaire,La France Insoumise,Val-d'Oise,10,2026-01-29,2026-02-28,584,4,0,580,0.0068,2,1,1,0,0,,494,0,0,,,
PA720960,Serva,Olivier,LIOT,"Libertés, Indépendants, Outre-mer et Territoires",Régions et peuples solidaires,Guadeloupe,1,2026-01-29,2026-02-28,584,3,0,581,0.0051,2,1,0,2,0,0.0000,38,0,0,,,
PA720976,Mathiasin,Max,LIOT,"Libertés, Indépendants, Outre-mer et Territoires",Régions et peuples solidaires,Guadeloupe,3,2026-01-29,2026-02-28,584,3,0,581,0.0051,2,0,1,5,0,0.0000,36,0,0,,,
PA720992,William,Jiovanny,SOC,Socialistes et apparentés,Parti socialiste,Martinique,1,2026-01-29,2026-02-28,584,10,0,574,0.0171,9,0,1,5,0,0.0000,152,0,0,,,
PA721004,Lakrafi,Amélia,EPR,Ensemble pour la République,Ensemble ! (majorité présidentielle),Français établis hors de France,10,2026-01-29,2026-02-28,584,33,0,551,0.0565,9,24,0,0,0,,53,0,0,,,
PA721024,Genetet,Anne,EPR,Ensemble pour la République,Ensemble ! (majorité présidentielle),Français établis hors de France,11,2026-01-29,2026-02-28,584,28,0,556,0.0479,17,10,1,0,0,,54,0,0,,,
PA721062,Ratenon,Jean-Hugues,LFI-NFP,La France insoumise - Nouveau Front Populaire,Rézistan's Égalité 974,Réunion,5,2026-01-29,2026-02-28,584,213,0,371,0.3647,104,104,5,0,0,,494,0,0,,,
PA721110,Sanquer,Nicole,LIOT,"Libertés, Indépendants, Outre-mer et Territoires",A here ia Porinetia,Polynésie Française,2,2026-01-29,2026-02-28,584,57,0,527,0.0976,25,19,13,0,0,,25,0,0,,,
PA721158,Anglade,Pieyre-Alexandre,EPR,Ensemble pour la République,Ensemble ! (majorité présidentielle),Français établis hors de France,4,2026-01-29,2026-02-28,584,80,0,504,0.1370,29,45,6,0,0,,53,0,0,,,
PA721182,Petit,Frédéric,DEM,Les Démocrates,Ensemble ! (majorité présidentielle),Français établis hors de France,7,2026-01-29,2026-02-28,584,4,0,580,0.0068,1,1,2,0,0,,11,0,0,,,
PA721202,Coquerel,Éric,LFI-NFP,La France insoumise - Nouveau Front Populaire,La France Insoumise,Seine-Saint-Denis,1,2026-01-29,2026-02-28,584,26,0,558,0.0445,12,12,2,3,1,0.3333,494,0,0,,,
PA721210,Corbière,Alexis,ECOS,Écologiste et Social,Parti communiste français,Seine-Saint-Denis,7,2026-01-29,2026-02-28,584,58,0,526,0.0993,13,45,0,6,0,0.0000,134,0,0,,,
PA721234,Petit,Maud,DEM,Les Démocrates,Ensemble ! (majorité présidentielle),Val-de-Marne,4,2026-01-29,2026-02-28,584,143,0,441,0.2449,87,39,17,21,1,0.0476,22,0,0,,,
PA721270,Peu,Stéphane,GDR,Gauche Démocrate et Républicaine,Parti communiste français,Seine-Saint-Denis,2,2026-01-29,2026-02-28,584,201,0,383,0.3442,105,78,18,19,1,0.0526,119,0,0,,,
PA721296,Gouffier Valente,Guillaume,EPR,Ensemble pour la République,Ensemble ! (majorité présidentielle),Val-de-Marne,6,2026-01-29,2026-02-28,584,138,0,446,0.2363,33,104,1,45,30,0.6667,56,0,0,,,
PA721314,Schellenberger,Raphaël,NI,Non inscrit,Régions et peuples solidaires,Haut-Rhin,4,2026-01-29,2026-02-28,584,2,0,582,0.0034,1,1,0,0,0,,0,0,0,,,
PA721336,Brocard,Blandine,DEM,Les Démocrates,Ensemble ! (majorité présidentielle),Rhône,5,2026-01-29,2026-02-28,584,158,0,426,0.2705,88,38,32,0,0,,11,0,0,,,
PA721410,Bonnivard,Émilie,DR,Droite Républicaine,Les Républicains,Savoie,3,2026-01-29,2026-02-28,584,431,0,153,0.7380,294,126,11,1,0,0.0000,176,0,0,,,
PA721426,Riotton,Véronique,EPR,Ensemble pour la République,Ensemble ! (majorité présidentielle),Haute-Savoie,1,2026-01-29,2026-02-28,584,51,0,533,0.0873,20,29,2,3,0,0.0000,63,0,0,,,
PA721458,Roseren,Xavier,HOR,Horizons & Indépendants,Horizons,Haute-Savoie,6,2026-01-29,2026-02-28,584,11,0,573,0.0188,9,2,0,0,0,,38,0,0,,,
PA721474,Viry,Stéphane,LIOT,"Libertés, Indépendants, Outre-mer et Territoires",Régions et peuples solidaires,Vosges,1,2026-01-29,2026-02-28,584,14,0,570,0.0240,10,4,0,12,0,0.0000,66,0,0,,,
PA721486,Naegelen,Christophe,LIOT,"Libertés, Indépendants, Outre-mer et Territoires","Union des démocrates européens, centristes et indépendants",Vosges,3,2026-01-29,2026-02-28,584,24,0,560,0.0411,14,7,3,0,0,,61,0,0,,,
PA721584,Terlier,Jean,EPR,Ensemble pour la République,Ensemble ! (majorité présidentielle),Tarn,3,2026-01-29,2026-02-28,584,13,0,571,0.0223,5,8,0,0,0,,221,0,0,,,
PA721750,Calvez,Céline,EPR,Ensemble pour la République,Ensemble ! (majorité présidentielle),Hauts-de-Seine,5,2026-01-29,2026-02-28,584,142,0,442,0.2432,46,93,3,7,0,0.0000,53,0,0,,,
PA721764,Grégoire,Olivia,EPR,Ensemble pour la République,Ensemble ! (majorité présidentielle),Paris,12,2026-01-29,2026-02-28,584,64,0,520,0.1096,38,25,1,5,4,0.8000,171,0,0,,,
PA721816,Boucard,Ian,DR,Droite Républicaine,Les Républicains,Territoire de Belfort,1,2026-01-29,2026-02-28,584,26,0,558,0.0445,22,1,3,33,0,0.0000,193,0,0,,,
PA721844,Piron,Béatrice,HOR,Horizons & Indépendants,Horizons,Yvelines,3,2026-01-29,2026-02-28,584,290,0,294,0.4966,95,168,27,1,0,0.0000,57,0,0,,,
PA721852,Lebec,Marie,EPR,Ensemble pour la République,Ensemble ! (majorité présidentielle),Yvelines,4,2026-01-29,2026-02-28,584,78,0,506,0.1336,25,52,1,6,0,0.0000,214,0,0,,,
PA721896,Faucillon,Elsa,GDR,Gauche Démocrate et Républicaine,Parti communiste français,Hauts-de-Seine,1,2026-01-29,2026-02-28,584,18,0,566,0.0308,7,11,0,17,0,0.0000,143,0,0,,,
PA721908,Braun-Pivet,Yaël,EPR,Ensemble pour la République,Ensemble ! (majorité présidentielle),Yvelines,5,2026-01-29,2026-02-28,584,2,582,0,0.0034,2,0,0,0,0,,47,0,0,,,
PA721916,Pouzyreff,Natalia,EPR,Ensemble pour la République,Ensemble ! (majorité présidentielle),Yvelines,6,2026-01-29,2026-02-28,584,89,0,495,0.1524,33,55,1,0,0,,53,0,0,,,
PA721932,Lorho,Marie-France,RN,Rassemblement National,Rassemblement national,Vaucluse,4,2026-01-29,2026-02-28,584,302,0,282,0.5171,235,56,11,115,0,0.0000,668,0,0,,,
PA721960,Obono,Danièle,LFI-NFP,La France insoumise - Nouveau Front Populaire,La France Insoumise,Paris,17,2026-01-29,2026-02-28,584,66,0,518,0.1130,19,45,2,3,1,0.3333,491,0,0,,,
PA721984,Latombe,Philippe,DEM,Les Démocrates,Ensemble ! (majorité présidentielle),Vendée,1,2026-01-29,2026-02-28,584,20,0,564,0.0342,10,10,0,1,1,1.0000,14,0,0,,,
PA722000,Buchou,Stéphane,EPR,Ensemble pour la République,Ensemble ! (majorité présidentielle),Vendée,3,2026-01-29,2026-02-28,584,79,0,505,0.1353,26,53,0,0,0,,53,0,0,,,
PA722070,Henriet,Pierre,HOR,Horizons & Indépendants,Horizons,Vendée,5,2026-01-29,2026-02-28,584,111,0,473,0.1901,36,72,3,0,0,,35,0,0,,,
PA722102,Vidal,Annie,EPR,Ensemble pour la République,Ensemble ! (majorité présidentielle),Seine-Maritime,2,2026-01-29,2026-02-28,584,322,0,262,0.5514,191,130,1,136,33,0.2426,33,0,0,,,
PA722134,Fiévet,Jean-Marie,EPR,Ensemble pour la République,Ensemble ! (majorité présidentielle),Deux-Sèvres,3,2026-01-29,2026-02-28,584,105,0,479,0.1798,30,75,0,0,0,,66,0,0,,,
PA722142,Ruffin,François,ECOS,Écologiste et Social,Parti communiste français,Somme,1,2026-01-29,2026-02-28,584,40,0,544,0.0685,10,30,0,4,0,0.0000,127,0,0,,,
PA722150,Houlié,Sacha,SOC,Socialistes et apparentés,Régions et peuples solidaires,Vienne,2,2026-01-29,2026-02-28,584,40,0,544,0.0685,16,22,2,10,0,0.0000,163,0,0,,,
PA722162,Turquois,Nicolas,DEM,Les Démocrates,Ensemble ! (majorité présidentielle),Vienne,4,2026-01-29,2026-02-28,584,119,0,465,0.2038,30,89,0,3,0,0.0000,14,0,0,,,
PA722190,Attal,Gabriel,EPR,Ensemble pour la République,Ensemble ! (majorité présidentielle),Hauts-de-Seine,10,2026-01-29,2026-02-28,584,31,0,553,0.0531,19,12,0,0,0,,53,0,0,,,
PA722252,Rixain,Marie-Pierre,EPR,Ensemble pour la République,Ensemble ! (majorité présidentielle),Essonne,4,2026-01-29,2026-02-28,584,12,0,572,0.0205,9,3,0,0,0,,53,0,0,,,
PA722284,Fuchs,Bruno,DEM,Les Démocrates,Ensemble ! (majorité présidentielle),Haut-Rhin,6,2026-01-29,2026-02-28,584,32,0,552,0.0548,17,15,0,0,0,,11,0,0,,,
PA722336,Thiébaut,Vincent,HOR,Horizons & Indépendants,Horizons,Bas-Rhin,9,2026-01-29,2026-02-28,584,55,0,529,0.0942,20,33,2,0,0,,33,0,0,,,
PA722358,Gassilloud,Thomas,EPR,Ensemble pour la République,Ensemble ! (majorité présidentielle),Rhône,10,2026-01-29,2026-02-28,584,29,0,555,0.0497,14,13,2,0,0,,53,0,0,,,
PA722366,Fugit,Jean-Luc,EPR,Ensemble pour la République,Ensemble ! (majorité présidentielle),Rhône,11,2026-01-29,2026-02-28,584,246,0,338,0.4212,89,155,2,10,4,0.4000,52,0,0,,,
PA722374,Isaac-Sibille,Cyrille,DEM,Les Démocrates,Ensemble ! (majorité présidentielle),Rhône,12,2026-01-29,2026-02-28,584,109,0,475,0.1866,55,49,5,11,6,0.5455,11,0,0,,,
PA722382,Dirx,Benjamin,EPR,Ensemble pour la République,Ensemble ! (majorité présidentielle),Saône-et-Loire,1,2026-01-29,2026-02-28,584,15,0,569,0.0257,10,5,0,0,0,,53,0,0,,,
PA722390,Corneloup,Josiane,DR,Droite Républicaine,Les Républicains,Saône-et-Loire,2,2026-01-29,2026-02-28,584,137,0,447,0.2346,93,37,7,55,1,0.0182,1128,0,0,,,
PA736201,Taillé-Polian,Sophie,ECOS,Écologiste et Social,Les Écologistes - EELV,Val-de-Marne,11,2026-01-29,2026-02-28,584,203,0,381,0.3476,59,140,4,42,16,0.3810,112,0,0,,,
PA757225,Seo,Mikaele,EPR,Ensemble pour la République,Ensemble ! (majorité présidentielle),Wallis-et-Futuna,1,2026-01-29,2026-02-28,584,1,0,583,0.0017,1,0,0,0,0,,53,0,0,,,
PA759832,Pannier-Runacher,Agnès,EPR,Ensemble pour la République,Ensemble ! (majorité présidentielle),Pas-de-Calais,2,2026-01-29,2026-02-28,584,149,0,435,0.2551,31,114,4,6,3,0.5000,63,0,0,,,
PA774954,Blin,Anne-Laure,DR,Droite Républicaine,Les Républicains,Maine-et-Loire,3,2026-01-29,2026-02-28,584,124,0,460,0.2123,106,18,0,83,1,0.0120,358,0,0,,,
PA774958,Leseul,Gérard,SOC,Socialistes et apparentés,Parti socialiste,Seine-Maritime,5,2026-01-29,2026-02-28,584,185,0,399,0.3168,66,115,4,0,0,,137,0,0,,,
PA774960,Santiago,Isabelle,SOC,Socialistes et apparentés,Parti socialiste,Val-de-Marne,9,2026-01-29,2026-02-28,584,70,0,514,0.1199,21,44,5,0,0,,129,0,0,,,
PA774962,Lebon,Karine,GDR,Gauche Démocrate et Républicaine,Pour la Réunion,Réunion,2,2026-01-29,2026-02-28,584,27,0,557,0.0462,21,4,2,58,6,0.1034,92,0,0,,,
PA791812,Chikirou,Sophia,LFI-NFP,La France insoumise - Nouveau Front Populaire,La France Insoumise,Paris,6,2026-01-29,2026-02-28,584,4,0,580,0.0068,2,1,1,1,0,0.0000,493,0,0,,,
PA791824,Legrain,Sarah,LFI-NFP,La France insoumise - Nouveau Front Populaire,La France Insoumise,Paris,16,2026-01-29,2026-02-28,584,450,0,134,0.7705,157,281,12,0,0,,494,0,0,,,
PA793094,Ray,Nicolas,DR,Droite Républicaine,Les Républicains,Allier,3,2026-01-29,2026-02-28,584,132,0,452,0.2260,79,49,4,24,4,0.1667,746,0,0,,,
PA793102,Girard,Christian,RN,Rassemblement National,Rassemblement national,Alpes-de-Haute-Provence,1,2026-01-29,2026-02-28,584,269,0,315,0.4606,203,56,10,0,0,,515,0,0,,,
PA793122,Daubié,Romain,DEM,Les Démocrates,Ensemble ! (majorité présidentielle),Ain,2,2026-01-29,2026-02-28,584,61,0,523,0.1045,42,14,5,5,0,0.0000,35,0,0,,,
PA793134,Buisson,Jérôme,RN,Rassemblement National,Rassemblement national,Ain,4,2026-01-29,2026-02-28,584,27,0,557,0.0462,20,5,2,0,0,,345,0,0,,,
PA793146,Dragon,Nicolas,RN,Rassemblement National,Rassemblement national,Aisne,1,2026-01-29,2026-02-28,584,222,0,362,0.3801,179,35,8,2,0,0.0000,404,0,0,,,
PA793158,Beaurain,José,RN,Rassemblement National,Rassemblement national,Aisne,4,2026-01-29,2026-02-28,584,44,0,540,0.0753,30,9,5,0,0,,277,0,0,,,
PA793166,Dessigny,Jocelyn,RN,Rassemblement National,Rassemblement national,Aisne,5,2026-01-29,2026-02-28,584,234,0,350,0.4007,163,51,20,18,0,0.0000,243,0,0,,,
PA793174,Monnet,Yannick,GDR,Gauche Démocrate et Républicaine,Parti communiste français,Allier,1,2026-01-29,2026-02-28,584,85,0,499,0.1455,48,36,1,73,6,0.0822,79,0,0,,,
PA793182,Bovet,Jorys,RN,Rassemblement National,Rassemblement national,Allier,2,2026-01-29,2026-02-28,584,245,0,339,0.4195,179,55,11,18,0,0.0000,334,0,0,,,
PA793194,Vuibert,Lionel,NI,Non inscrit,Régions et peuples solidaires,Ardennes,1,2026-01-29,2026-02-28,584,163,0,421,0.2791,40,123,0,13,0,0.0000,6,0,0,,,
PA793214,Abadie-Amiel,Audrey,LIOT,"Libertés, Indépendants, Outre-mer et Territoires",Régions et peuples solidaires,Ariège,2,2026-01-29,2026-02-28,584,259,0,325,0.4435,52,202,5,37,23,0.6216,93,0,0,,,
PA793218,Guitton,Jordan,RN,Rassemblement National,Rassemblement national,Aube,1,2026-01-29,2026-02-28,584,230,0,354,0.3938,168,46,16,7,0,0.0000,767,0,0,,,
PA793230,Ranc,Angélique,RN,Rassemblement National,Rassemblement national,Aube,3,2026-01-29,2026-02-28,584,21,0,563,0.0360,16,4,1,0,0,,480,0,0,,,
PA793238,Barthès,Christophe,RN,Rassemblement National,Rassemblement national,Aude,1,2026-01-29,2026-02-28,584,31,0,553,0.0531,24,7,0,0,0,,283,0,0,,,
PA793246,Falcon,Frédéric,RN,Rassemblement National,Rassemblement national,Aude,2,2026-01-29,2026-02-28,584,122,0,462,0.2089,94,19,9,18,0,0.0000,267,0,0,,,
PA793254,Rancoule,Julien,RN,Rassemblement National,Rassemblement national,Aude,3,2026-01-29,2026-02-28,584,227,0,357,0.3887,159,59,9,23,0,0.0000,401,0,0,,,
PA793262,Alexandre,Laurent,LFI-NFP,La France insoumise - Nouveau Front Populaire,La France Insoumise,Aveyron,2,2026-01-29,2026-02-28,584,125,0,459,0.2140,71,50,4,0,0,,494,0,0,,,
PA793270,Rousset,Jean-François,EPR,Ensemble pour la République,Ensemble ! (majorité présidentielle),Aveyron,3,2026-01-29,2026-02-28,584,331,0,253,0.5668,82,248,1,9,0,0.0000,59,0,0,,,
PA793290,Lelouis,Gisèle,RN,Rassemblement National,Rassemblement national,Bouches-du-Rhône,3,2026-01-29,2026-02-28,584,219,0,365,0.3750,164,42,13,0,0,,279,0,0,,,
PA793298,Tivoli,Lionel,RN,Rassemblement National,Rassemblement national,Alpes-Maritimes,2,2026-01-29,2026-02-28,584,160,0,424,0.2740,109,42,9,5,0,0.0000,288,0,0,,,
PA793314,Masson,Alexandra,RN,Rassemblement National,Rassemblement national,Alpes-Maritimes,4,2026-01-29,2026-02-28,584,4,0,580,0.0068,4,0,0,0,0,,255,0,0,,,
PA793322,D'Intorni,Christelle,UDDPLR,Union des droites pour la République,UDR - Union des Droites pour la République,Alpes-Maritimes,5,2026-01-29,2026-02-28,584,70,0,514,0.1199,51,16,3,0,0,,21,0,0,,,
PA793330,Masson,Bryan,RN,Rassemblement National,Rassemblement national,Alpes-Maritimes,6,2026-01-29,2026-02-28,584,6,0,578,0.0103,6,0,0,0,0,,267,0,0,,,
PA793342,Martin,Alexandra,DR,Droite Républicaine,Les Républicains,Alpes-Maritimes,8,2026-01-29,2026-02-28,584,11,0,573,0.0188,6,4,1,0,0,,31,0,0,,,
PA793354,Mélin,Joëlle,RN,Rassemblement National,Rassemblement national,Bouches-du-Rhône,9,2026-01-29,2026-02-28,584,12,0,572,0.0205,10,2,0,0,0,,650,0,0,,,
PA793362,Gonzalez,José,RN,Rassemblement National,Rassemblement national,Bouches-du-Rhône,10,2026-01-29,2026-02-28,584,131,0,453,0.2243,96,26,9,0,0,,448,0,0,,,
PA793374,Baubry,Romain,RN,Rassemblement National,Rassemblement national,Bouches-du-Rhône,15,2026-01-29,2026-02-28,584,86,0,498,0.1473,63,18,5,0,0,,272,0,0,,,
PA793382,Taché,Emmanuel,RN,Rassemblement National,Rassemblement national,Bouches-du-Rhône,16,2026-01-29,2026-02-28,584,78,0,506,0.1336,61,12,5,0,0,,340,0,0,,,
PA793394,Delaporte,Arthur,SOC,Socialistes et apparentés,Parti socialiste,Calvados,2,2026-01-29,2026-02-28,584,354,0,230,0.6062,77,265,12,12,12,1.0000,133,0,0,,,
PA793398,Patrier-Leitus,Jérémie,HOR,Horizons & Indépendants,Horizons,Calvados,3,2026-01-29,2026-02-28,584,11,0,573,0.0188,8,3,0,0,0,,33,0,0,,,
PA793432,Allisio,Franck,RN,Rassemblement National,Rassemblement national,Bouches-du-Rhône,12,2026-01-29,2026-02-28,584,7,0,577,0.0120,6,1,0,3,0,0.0000,260,0,0,,,
PA793444,Bompard,Manuel,LFI-NFP,La France insoumise - Nouveau Front Populaire,La France Insoumise,Bouches-du-Rhône,4,2026-01-29,2026-02-28,584,87,0,497,0.1490,14,71,2,0,0,,494,0,0,,,
PA793452,Davi,Hendrik,ECOS,Écologiste et Social,Parti communiste français,Bouches-du-Rhône,5,2026-01-29,2026-02-28,584,129,0,455,0.2209,45,84,0,1,0,0.0000,130,0,0,,,
PA793464,Delogu,Sébastien,LFI-NFP,La France insoumise - Nouveau Front Populaire,La France Insoumise,Bouches-du-Rhône,7,2026-01-29,2026-02-28,584,5,0,579,0.0086,3,1,1,0,0,,494,0,0,,,
PA793508,Brigand,Hubert,DR,Droite Républicaine,Les Républicains,Côte-d'Or,4,2026-01-29,2026-02-28,584,58,0,526,0.0993,33,20,5,2,0,0.0000,650,0,0,,,
PA793520,Cosson,Mickaël,DEM,Les Démocrates,Ensemble ! (majorité présidentielle),Côtes-d'Armor,1,2026-01-29,2026-02-28,584,34,0,550,0.0582,15,18,1,0,0,,17,0,0,,,
PA793532,Lepvraud,Murielle,LFI-NFP,La France insoumise - Nouveau Front Populaire,La France Insoumise,Côtes-d'Armor,4,2026-01-29,2026-02-28,584,332,0,252,0.5685,124,196,12,0,0,,494,0,0,,,
PA793548,Colombier,Caroline,RN,Rassemblement National,Rassemblement national,Charente,3,2026-01-29,2026-02-28,584,215,0,369,0.3682,171,34,10,1,0,0.0000,686,0,0,,,
PA793572,Plassard,Christophe,HOR,Horizons & Indépendants,Horizons,Charente-Maritime,5,2026-01-29,2026-02-28,584,38,0,546,0.0651,9,29,0,0,0,,33,0,0,,,
PA793592,Grangier,Géraldine,RN,Rassemblement National,Rassemblement national,Doubs,4,2026-01-29,2026-02-28,584,122,0,462,0.2089,78,33,11,1,0,0.0000,335,0,0,,,
PA793608,Levavasseur,Katiana,RN,Rassemblement National,Rassemblement national,Eure,2,2026-01-29,2026-02-28,584,107,0,477,0.1832,59,38,10,3,0,0.0000,279,0,0,,,
PA793616,Mauvieux,Kévin,RN,Rassemblement National,Rassemblement national,Eure,3,2026-01-29,2026-02-28,584,112,0,472,0.1918,79,30,3,0,0,,316,0,0,,,
PA793624,Brun,Philippe,SOC,Socialistes et apparentés,Parti socialiste,Eure,4,2026-01-29,2026-02-28,584,3,0,581,0.0051,2,0,1,0,0,,129,0,0,,,
PA793632,Houssin,Timothée,RN,Rassemblement National,Rassemblement national,Eure,5,2026-01-29,2026-02-28,584,179,0,405,0.3065,125,40,14,0,0,,366,0,0,,,
PA793656,Pollet,Lisette,RN,Rassemblement National,Rassemblement national,Drôme,2,2026-01-29,2026-02-28,584,377,0,207,0.6455,284,81,12,86,0,0.0000,1058,0,0,,,
PA793664,Pochon,Marie,ECOS,Écologiste et Social,Les Écologistes - EELV,Drôme,3,2026-01-29,2026-02-28,584,112,0,472,0.1918,34,69,9,10,3,0.3000,136,0,0,,,
PA793672,Loir,Christine,RN,Rassemblement National,Rassemblement national,Eure,1,2026-01-29,2026-02-28,584,464,0,120,0.7945,340,98,26,76,3,0.0395,733,0,0,,,
PA793696,Muller,Serge,RN,Rassemblement National,Rassemblement national,Dordogne,2,2026-01-29,2026-02-28,584,146,0,438,0.2500,101,35,10,2,0,0.0000,679,0,0,,,
PA793708,Peytavie,Sébastien,ECOS,Écologiste et Social,Les Écologistes - EELV,Dordogne,4,2026-01-29,2026-02-28,584,299,0,285,0.5120,90,205,4,25,10,0.4000,108,0,0,,,
PA793716,Croizier,Laurent,DEM,Les Démocrates,Ensemble ! (majorité présidentielle),Doubs,1,2026-01-29,2026-02-28,584,7,0,577,0.0120,4,2,1,0,0,,11,0,0,,,
PA793736,Clouet,Hadrien,LFI-NFP,La France insoumise - Nouveau Front Populaire,La France Insoumise,Haute-Garonne,1,2026-01-29,2026-02-28,584,349,0,235,0.5976,108,231,10,31,2,0.0645,465,0,0,,,
PA793744,Stambach-Terrenoir,Anne,LFI-NFP,La France insoumise - Nouveau Front Populaire,La France Insoumise,Haute-Garonne,2,2026-01-29,2026-02-28,584,259,0,325,0.4435,87,166,6,6,0,0.0000,488,0,0,,,
PA793756,Piquemal,François,LFI-NFP,La France insoumise - Nouveau Front Populaire,La France Insoumise,Haute-Garonne,4,2026-01-29,2026-02-28,584,5,0,579,0.0086,3,1,1,0,0,,494,0,0,,,
PA793772,Bex,Christophe,LFI-NFP,La France insoumise - Nouveau Front Populaire,La France Insoumise,Haute-Garonne,7,2026-01-29,2026-02-28,584,178,0,406,0.3048,89,83,6,2,0,0.0000,492,0,0,,,
PA793780,Arrighi,Christine,ECOS,Écologiste et Social,Les Écologistes - EELV,Haute-Garonne,9,2026-01-29,2026-02-28,584,213,0,371,0.3647,82,126,5,3,1,0.3333,135,0,0,,,
PA793796,Taupiac,David,LIOT,"Libertés, Indépendants, Outre-mer et Territoires",Régions et peuples solidaires,Gers,2,2026-01-29,2026-02-28,584,16,0,568,0.0274,4,12,0,0,0,,70,0,0,,,
PA793816,Thomin,Mélanie,SOC,Socialistes et apparentés,Parti socialiste,Finistère,6,2026-01-29,2026-02-28,584,3,0,581,0.0051,3,0,0,0,0,,135,0,0,,,
PA793832,Gillet,Yoann,RN,Rassemblement National,Rassemblement national,Gard,1,2026-01-29,2026-02-28,584,98,0,486,0.1678,64,20,14,0,0,,270,0,0,,,
PA793844,Bordes,Pascale,RN,Rassemblement National,Rassemblement national,Gard,3,2026-01-29,2026-02-28,584,6,0,578,0.0103,5,1,0,0,0,,447,0,0,,,
PA793852,Meurin,Pierre,RN,Rassemblement National,Rassemblement national,Gard,4,2026-01-29,2026-02-28,584,93,0,491,0.1592,77,12,4,5,0,0.0000,662,0,0,,,
PA793872,Oziol,Nathalie,LFI-NFP,La France insoumise - Nouveau Front Populaire,La France Insoumise,Hérault,2,2026-01-29,2026-02-28,584,5,0,579,0.0086,3,1,1,5,0,0.0000,489,0,0,,,
PA793892,Galzy,Stéphanie,RN,Rassemblement National,Rassemblement national,Hérault,5,2026-01-29,2026-02-28,584,77,0,507,0.1318,40,18,19,0,0,,264,0,0,,,
PA793904,Lopez-Liguori,Aurélien,RN,Rassemblement National,Rassemblement national,Hérault,7,2026-01-29,2026-02-28,584,20,0,564,0.0342,16,3,1,4,0,0.0000,279,0,0,,,
PA793912,Carrière,Sylvain,LFI-NFP,La France insoumise - Nouveau Front Populaire,La France Insoumise,Hérault,8,2026-01-29,2026-02-28,584,342,0,242,0.5856,107,229,6,0,0,,494,0,0,,,
PA793928,Diaz,Edwige,RN,Rassemblement National,Rassemblement national,Gironde,11,2026-01-29,2026-02-28,584,257,0,327,0.4401,182,57,18,0,0,,275,0,0,,,
PA793940,Cazenave,Thomas,EPR,Ensemble pour la République,Ensemble ! (majorité présidentielle),Gironde,1,2026-01-29,2026-02-28,584,21,0,563,0.0360,5,15,1,0,0,,56,0,0,,,
PA793948,Thierry,Nicolas,ECOS,Écologiste et Social,Les Écologistes - EELV,Gironde,2,2026-01-29,2026-02-28,584,111,0,473,0.1901,31,79,1,0,0,,136,0,0,,,
PA793980,Fournier,Charles,ECOS,Écologiste et Social,Les Écologistes - EELV,Indre-et-Loire,1,2026-01-29,2026-02-28,584,135,0,449,0.2312,39,95,1,0,0,,131,0,0,,,
PA793992,Alfandari,Henri,HOR,Horizons & Indépendants,Horizons,Indre-et-Loire,3,2026-01-29,2026-02-28,584,2,0,582,0.0034,1,1,0,0,0,,33,0,0,,,
PA794008,Chatelain,Cyrielle,ECOS,Écologiste et Social,Les Écologistes - EELV,Isère,2,2026-01-29,2026-02-28,584,157,0,427,0.2688,53,103,1,7,0,0.0000,124,0,0,,,
PA794022,Iordanoff,Jérémie,ECOS,Écologiste et Social,Les Écologistes - EELV,Isère,5,2026-01-29,2026-02-28,584,151,0,433,0.2586,49,96,6,24,13,0.5417,151,0,0,,,
PA794030,Jolly,Alexis,RN,Rassemblement National,Rassemblement national,Isère,6,2026-01-29,2026-02-28,584,32,0,552,0.0548,27,2,3,0,0,,369,0,0,,,
PA794038,Neuder,Yannick,DR,Droite Républicaine,Les Républicains,Isère,7,2026-01-29,2026-02-28,584,30,0,554,0.0514,17,9,4,43,1,0.0233,162,0,0,,,
PA794058,Gruet,Justine,DR,Droite Républicaine,Les Républicains,Jura,3,2026-01-29,2026-02-28,584,269,0,315,0.4606,196,62,11,251,0,0.0000,341,0,0,,,
PA794082,Hignet,Mathilde,LFI-NFP,La France insoumise - Nouveau Front Populaire,La France Insoumise,Ille-et-Vilaine,4,2026-01-29,2026-02-28,584,228,0,356,0.3904,83,138,7,12,0,0.0000,482,0,0,,,
PA794094,Bouloux,Mickaël,SOC,Socialistes et apparentés,Parti socialiste,Ille-et-Vilaine,8,2026-01-29,2026-02-28,584,303,0,281,0.5188,53,244,6,4,0,0.0000,132,0,0,,,
PA794106,Taurinya,Andrée,LFI-NFP,La France insoumise - Nouveau Front Populaire,La France Insoumise,Loire,2,2026-01-29,2026-02-28,584,241,0,343,0.4127,85,152,4,0,0,,498,0,0,,,
PA794114,Mandon,Emmanuel,DEM,Les Démocrates,Ensemble ! (majorité présidentielle),Loire,3,2026-01-29,2026-02-28,584,52,0,532,0.0890,26,10,16,0,0,,11,0,0,,,
PA794118,Vermorel-Marques,Antoine,DR,Droite Républicaine,Les Républicains,Loire,5,2026-01-29,2026-02-28,584,11,0,573,0.0188,7,4,0,0,0,,29,0,0,,,
PA794130,Kerbrat,Andy,LFI-NFP,La France insoumise - Nouveau Front Populaire,La France Insoumise,Loire-Atlantique,2,2026-01-29,2026-02-28,584,164,0,420,0.2808,43,117,4,4,0,0.0000,490,0,0,,,
PA794138,Amiot,Ségolène,LFI-NFP,La France insoumise - Nouveau Front Populaire,La France Insoumise,Loire-Atlantique,3,2026-01-29,2026-02-28,584,334,0,250,0.5719,113,211,10,7,1,0.1429,487,0,0,,,
PA794146,Laernoes,Julie,ECOS,Écologiste et Social,Les Écologistes - EELV,Loire-Atlantique,4,2026-01-29,2026-02-28,584,236,0,348,0.4041,51,183,2,17,4,0.2353,121,0,0,,,
PA794154,Raux,Jean-Claude,ECOS,Écologiste et Social,Les Écologistes - EELV,Loire-Atlantique,6,2026-01-29,2026-02-28,584,199,0,385,0.3408,66,129,4,20,3,0.1500,129,0,0,,,
PA794166,Tavel,Matthias,LFI-NFP,La France insoumise - Nouveau Front Populaire,La France Insoumise,Loire-Atlantique,8,2026-01-29,2026-02-28,584,142,0,442,0.2432,78,61,3,56,2,0.0357,438,0,0,,,
PA794178,Taite,Jean-Pierre,DR,Droite Républicaine,Non rattaché(s),Loire,6,2026-01-29,2026-02-28,584,3,0,581,0.0051,3,0,0,0,0,,37,0,0,,,
PA794198,Chudeau,Roger,RN,Rassemblement National,Rassemblement national,Loir-et-Cher,2,2026-01-29,2026-02-28,584,106,0,478,0.1815,79,25,2,4,0,0.0000,282,0,0,,,
PA794206,Marion,Christophe,EPR,Ensemble pour la République,Ensemble ! (majorité présidentielle),Loir-et-Cher,3,2026-01-29,2026-02-28,584,405,0,179,0.6935,107,294,4,9,0,0.0000,77,0,0,,,
PA794234,Gernigon,François,HOR,Horizons & Indépendants,Horizons,Maine-et-Loire,1,2026-01-29,2026-02-28,584,128,0,456,0.2192,66,59,3,41,17,0.4146,33,0,0,,,
PA794270,Pic,Anna,SOC,Socialistes et apparentés,Parti socialiste,Manche,4,2026-01-29,2026-02-28,584,181,0,403,0.3099,38,140,3,1,0,0.0000,129,0,0,,,
PA794278,Albertini,Xavier,HOR,Horizons & Indépendants,Horizons,Marne,1,2026-01-29,2026-02-28,584,4,0,580,0.0068,3,1,0,0,0,,35,0,0,,,
PA794322,Ménagé,Thomas,RN,Rassemblement National,Rassemblement national,Loiret,4,2026-01-29,2026-02-28,584,87,0,497,0.1490,50,29,8,41,0,0.0000,360,0,0,,,
PA794330,Brosse,Anthony,EPR,Ensemble pour la République,Ensemble ! (majorité présidentielle),Loiret,5,2026-01-29,2026-02-28,584,446,0,138,0.7637,136,306,4,0,0,,60,0,0,,,
PA794354,Laporte,Hélène,RN,Rassemblement National,Rassemblement national,Lot-et-Garonne,2,2026-01-29,2026-02-28,584,104,30,450,0.1781,78,20,6,0,0,,520,0,0,,,
PA794418,Goulet,Florence,RN,Rassemblement National,Rassemblement national,Meuse,2,2026-01-29,2026-02-28,584,154,0,430,0.2637,110,37,7,3,0,0.0000,379,0,0,,,
PA794430,Criaud,Michel,HOR,Horizons & Indépendants,Horizons,Morbihan,1,2026-01-29,2026-02-28,584,157,0,427,0.2688,67,56,34,0,0,,35,0,0,,,
PA794434,Bentz,Christophe,RN,Rassemblement National,Rassemblement national,Haute-Marne,1,2026-01-29,2026-02-28,584,369,0,215,0.6318,281,74,14,277,1,0.0036,1035,0,0,,,
PA794442,Robert-Dehault,Laurence,RN,Rassemblement National,Rassemblement national,Haute-Marne,2,2026-01-29,2026-02-28,584,107,0,477,0.1832,86,14,7,0,0,,407,0,0,,,
PA794466,Moulliere,Jean,HOR,Horizons & Indépendants,Horizons,Nord,6,2026-01-29,2026-02-28,584,44,0,540,0.0753,16,28,0,0,0,,35,0,0,,,
PA794470,Gérard,Félicie,HOR,Horizons & Indépendants,Horizons,Nord,7,2026-01-29,2026-02-28,584,47,0,537,0.0805,18,22,7,4,0,0.0000,33,0,0,,,
PA794478,Guiraud,David,LFI-NFP,La France insoumise - Nouveau Front Populaire,La France Insoumise,Nord,8,2026-01-29,2026-02-28,584,16,0,568,0.0274,3,12,1,0,0,,494,0,0,,,
PA794486,Spillebout,Violette,EPR,Ensemble pour la République,Ensemble ! (majorité présidentielle),Nord,9,2026-01-29,2026-02-28,584,33,0,551,0.0565,14,19,0,0,0,,53,0,0,,,
PA794494,Vicot,Roger,SOC,Socialistes et apparentés,Parti socialiste,Nord,11,2026-01-29,2026-02-28,584,21,0,563,0.0360,8,13,0,0,0,,147,0,0,,,
PA794502,Taverne,Michaël,RN,Rassemblement National,Rassemblement national,Nord,12,2026-01-29,2026-02-28,584,62,0,522,0.1062,48,9,5,4,0,0.0000,286,0,0,,,
PA794530,Marchio,Matthieu,RN,Rassemblement National,Rassemblement national,Nord,16,2026-01-29,2026-02-28,584,28,0,556,0.0479,19,5,4,0,0,,276,0,0,,,
PA794562,Ballard,Philippe,RN,Rassemblement National,Rassemblement national,Oise,2,2026-01-29,2026-02-28,584,126,0,458,0.2158,101,18,7,22,0,0.0000,537,0,0,,,
PA794570,Sabatou,Alexandre,RN,Rassemblement National,Rassemblement national,Oise,3,2026-01-29,2026-02-28,584,126,0,458,0.2158,64,37,25,0,0,,255,0,0,,,
PA794582,Pfeffer,Kévin,RN,Rassemblement National,Rassemblement national,Moselle,6,2026-01-29,2026-02-28,584,82,0,502,0.1404,39,28,15,0,0,,255,0,0,,,
PA794590,Loubet,Alexandre,RN,Rassemblement National,Rassemblement national,Moselle,7,2026-01-29,2026-02-28,584,14,0,570,0.0240,10,3,1,0,0,,283,0,0,,,
PA794598,Jacobelli,Laurent,RN,Rassemblement National,Rassemblement national,Moselle,8,2026-01-29,2026-02-28,584,103,0,481,0.1764,75,24,4,9,0,0.0000,255,0,0,,,
PA794658,Fait,Philippe,HOR,Horizons & Indépendants,Horizons,Pas-de-Calais,4,2026-01-29,2026-02-28,584,126,0,458,0.2158,19,42,65,0,0,,33,0,0,,,
PA794670,Parmentier,Caroline,RN,Rassemblement National,Rassemblement national,Pas-de-Calais,9,2026-01-29,2026-02-28,584,7,0,577,0.0120,5,2,0,0,0,,358,0,0,,,
PA794678,Frappé,Thierry,RN,Rassemblement National,Rassemblement national,Pas-de-Calais,10,2026-01-29,2026-02-28,584,268,0,316,0.4589,202,58,8,23,0,0.0000,855,0,0,,,
PA794686,Maximi,Marianne,LFI-NFP,La France insoumise - Nouveau Front Populaire,La France Insoumise,Puy-de-Dôme,1,2026-01-29,2026-02-28,584,50,0,534,0.0856,8,41,1,0,0,,494,0,0,,,
PA794702,Lingemann,Delphine,DEM,Les Démocrates,Ensemble ! (majorité présidentielle),Puy-de-Dôme,4,2026-01-29,2026-02-28,584,111,0,473,0.1901,37,70,4,7,1,0.1429,26,0,0,,,
PA794710,Brugerolles,Julien,GDR,Gauche Démocrate et Républicaine,Parti communiste français,Puy-de-Dôme,5,2026-01-29,2026-02-28,584,89,0,495,0.1524,50,25,14,8,0,0.0000,114,0,0,,,
PA794718,Engrand,Christine,NI,Non inscrit,Non rattaché(s),Pas-de-Calais,6,2026-01-29,2026-02-28,584,46,0,538,0.0788,33,13,0,0,0,,0,0,0,,,
PA794734,Guiniot,Michel,RN,Rassemblement National,Rassemblement national,Oise,6,2026-01-29,2026-02-28,584,62,0,522,0.1062,45,10,7,14,0,0.0000,526,0,0,,,
PA794762,Dogor-Such,Sandrine,RN,Rassemblement National,Rassemblement national,Pyrénées-Orientales,3,2026-01-29,2026-02-28,584,356,0,228,0.6096,273,71,12,148,1,0.0068,832,0,0,,,
PA794770,Martinez,Michèle,RN,Rassemblement National,Rassemblement national,Pyrénées-Orientales,4,2026-01-29,2026-02-28,584,50,0,534,0.0856,43,6,1,0,0,,404,0,0,,,
PA794778,Regol,Sandra,ECOS,Écologiste et Social,Les Écologistes - EELV,Bas-Rhin,1,2026-01-29,2026-02-28,584,200,0,384,0.3425,55,142,3,14,14,1.0000,153,0,0,,,
PA794786,Fernandes,Emmanuel,LFI-NFP,La France insoumise - Nouveau Front Populaire,La France Insoumise,Bas-Rhin,2,2026-01-29,2026-02-28,584,319,0,265,0.5462,88,224,7,5,0,0.0000,492,0,0,,,
PA794798,Buffet,Françoise,EPR,Ensemble pour la République,Ensemble ! (majorité présidentielle),Bas-Rhin,4,2026-01-29,2026-02-28,584,143,0,441,0.2449,49,93,1,11,0,0.0000,53,0,0,,,
PA794802,Sitzenstuhl,Charles,EPR,Ensemble pour la République,Ensemble ! (majorité présidentielle),Bas-Rhin,5,2026-01-29,2026-02-28,584,283,0,301,0.4846,142,138,3,111,0,0.0000,97,0,0,,,
PA794810,Morel,Louise,DEM,Les Démocrates,Ensemble ! (majorité présidentielle),Bas-Rhin,6,2026-01-29,2026-02-28,584,176,0,408,0.3014,77,92,7,0,0,,37,0,0,,,
PA794830,Ott,Hubert,DEM,Les Démocrates,Ensemble ! (majorité présidentielle),Haut-Rhin,2,2026-01-29,2026-02-28,584,27,0,557,0.0462,10,14,3,5,4,0.8000,18,0,0,,,
PA794838,Lemaire,Didier,HOR,Horizons & Indépendants,Horizons,Haut-Rhin,3,2026-01-29,2026-02-28,584,20,0,564,0.0342,13,7,0,0,0,,62,0,0,,,
PA794854,Echaniz,Inaki,SOC,Socialistes et apparentés,Parti socialiste,Pyrénées-Atlantiques,4,2026-01-29,2026-02-28,584,127,0,457,0.2175,31,93,3,1,0,0.0000,135,0,0,,,
PA794870,Ferrer,Sylvie,LFI-NFP,La France insoumise - Nouveau Front Populaire,La France Insoumise,Hautes-Pyrénées,1,2026-01-29,2026-02-28,584,227,0,357,0.3887,111,110,6,6,0,0.0000,488,0,0,,,
PA794886,Blanc,Sophie,RN,Rassemblement National,Rassemblement national,Pyrénées-Orientales,1,2026-01-29,2026-02-28,584,173,0,411,0.2962,142,23,8,6,0,0.0000,437,0,0,,,
PA794894,Sabatini,Anaïs,RN,Rassemblement National,Rassemblement national,Pyrénées-Orientales,2,2026-01-29,2026-02-28,584,384,0,200,0.6575,272,97,15,0,0,,279,0,0,,,
PA794906,Amard,Gabriel,LFI-NFP,La France insoumise - Nouveau Front Populaire,La France Insoumise,Rhône,6,2026-01-29,2026-02-28,584,204,0,380,0.3493,61,138,5,13,2,0.1538,481,0,0,,,
PA794938,Boumertit,Idir,LFI-NFP,La France insoumise - Nouveau Front Populaire,La France Insoumise,Rhône,14,2026-01-29,2026-02-28,584,61,0,523,0.1045,9,50,2,0,0,,494,0,0,,,
PA794946,Villedieu,Antoine,RN,Rassemblement National,Rassemblement national,Haute-Saône,1,2026-01-29,2026-02-28,584,154,0,430,0.2637,117,32,5,8,0,0.0000,666,0,0,,,
PA794954,Salmon,Emeric,RN,Rassemblement National,Rassemblement national,Haute-Saône,2,2026-01-29,2026-02-28,584,255,0,329,0.4366,193,50,12,0,0,,262,0,0,,,
PA794982,Delpech,Julie,EPR,Ensemble pour la République,Ensemble ! (majorité présidentielle),Sarthe,1,2026-01-29,2026-02-28,584,83,0,501,0.1421,27,56,0,0,0,,53,0,0,,,
PA794994,Portier,Alexandre,DR,Droite Républicaine,Les Républicains,Rhône,9,2026-01-29,2026-02-28,584,41,0,543,0.0702,35,6,0,12,0,0.0000,292,0,0,,,
PA795010,Garin,Marie-Charlotte,ECOS,Écologiste et Social,Les Écologistes - EELV,Rhône,3,2026-01-29,2026-02-28,584,76,0,508,0.1301,14,62,0,0,0,,133,0,0,,,
PA795026,Violland,Anne-Cécile,HOR,Horizons & Indépendants,Horizons,Haute-Savoie,5,2026-01-29,2026-02-28,584,22,0,562,0.0377,9,12,1,13,0,0.0000,48,0,0,,,
PA795046,Yadan,Caroline,EPR,Ensemble pour la République,Ensemble ! (majorité présidentielle),Français établis hors de France,8,2026-01-29,2026-02-28,584,51,0,533,0.0873,21,28,2,0,0,,177,0,0,,,
PA795050,Panosyan-Bouvet,Astrid,EPR,Ensemble pour la République,Ensemble ! (majorité présidentielle),Paris,4,2026-01-29,2026-02-28,584,132,0,452,0.2260,80,42,10,4,0,0.0000,31,0,0,,,
PA795076,Rousseau,Sandrine,ECOS,Écologiste et Social,Les Écologistes - EELV,Paris,9,2026-01-29,2026-02-28,584,313,0,271,0.5360,71,234,8,10,1,0.1000,130,0,0,,,
PA795084,Arenas,Rodrigo,LFI-NFP,La France insoumise - Nouveau Front Populaire,La France Insoumise,Paris,10,2026-01-29,2026-02-28,584,26,0,558,0.0445,12,13,1,0,0,,494,0,0,,,
PA795100,Martineau,Éric,DEM,Les Démocrates,Ensemble ! (majorité présidentielle),Sarthe,3,2026-01-29,2026-02-28,584,193,0,391,0.3305,48,125,20,6,0,0.0000,18,0,0,,,
PA795108,Leboucher,Élise,LFI-NFP,La France insoumise - Nouveau Front Populaire,La France Insoumise,Sarthe,4,2026-01-29,2026-02-28,584,293,0,291,0.5017,69,220,4,39,12,0.3077,506,0,0,,,
PA795124,Padey,Didier,DEM,Les Démocrates,Ensemble ! (majorité présidentielle),Savoie,1,2026-01-29,2026-02-28,584,18,0,566,0.0308,5,8,5,2,0,0.0000,23,0,0,,,
PA795136,Coulomme,Jean-François,LFI-NFP,La France insoumise - Nouveau Front Populaire,La France Insoumise,Savoie,4,2026-01-29,2026-02-28,584,236,0,348,0.4041,86,142,8,10,0,0.0000,484,0,0,,,
PA795144,Armand,Antoine,EPR,Ensemble pour la République,Ensemble ! (majorité présidentielle),Haute-Savoie,2,2026-01-29,2026-02-28,584,6,0,578,0.0103,3,3,0,0,0,,67,0,0,,,
PA795156,Keloua Hachi,Fatiha,SOC,Socialistes et apparentés,Parti socialiste,Seine-Saint-Denis,8,2026-01-29,2026-02-28,584,167,0,417,0.2860,29,135,3,0,0,,136,0,0,,,
PA795164,Trouvé,Aurélie,LFI-NFP,La France insoumise - Nouveau Front Populaire,La France Insoumise,Seine-Saint-Denis,9,2026-01-29,2026-02-28,584,74,0,510,0.1267,15,56,3,0,0,,494,0,0,,,
PA795176,Metzdorf,Nicolas,EPR,Ensemble pour la République,Générations NC,Nouvelle-Calédonie,1,2026-01-29,2026-02-28,584,252,0,332,0.4315,77,174,1,5,0,0.0000,140,0,0,,,
PA795200,Dufour,Alma,LFI-NFP,La France insoumise - Nouveau Front Populaire,La France Insoumise,Seine-Maritime,4,2026-01-29,2026-02-28,584,69,0,515,0.1182,31,36,2,0,0,,494,0,0,,,
PA795228,Abomangoli,Nadège,LFI-NFP,La France insoumise - Nouveau Front Populaire,La France Insoumise,Seine-Saint-Denis,10,2026-01-29,2026-02-28,584,204,12,368,0.3493,66,135,3,0,0,,494,0,0,,,
PA795240,Reid Arbelot,Mereana,GDR,Gauche Démocrate et Républicaine,Tavini Huiraatira No Te Ao Ma'ohi - Front de libération de Polynésie,Polynésie Française,3,2026-01-29,2026-02-28,584,22,0,562,0.0377,18,1,3,0,0,,122,0,0,,,
PA795244,Lenormand,Stéphane,LIOT,"Libertés, Indépendants, Outre-mer et Territoires",Archipel demain,Saint-Pierre-et-Miquelon,1,2026-01-29,2026-02-28,584,52,0,532,0.0890,18,30,4,11,2,0.1818,84,0,0,,,
PA795258,Gumbs,Frantz,DEM,Les Démocrates,Ensemble ! (majorité présidentielle),Saint-Barthélemy et Saint-Martin,1,2026-01-29,2026-02-28,584,81,0,503,0.1387,32,47,2,3,0,0.0000,11,0,0,,,
PA795270,Poussier-Winsback,Marie-Agnès,HOR,Horizons & Indépendants,Horizons,Seine-Maritime,9,2026-01-29,2026-02-28,584,21,89,474,0.0360,14,7,0,0,0,,52,0,0,,,
PA795278,Bellamy,Béatrice,HOR,Horizons & Indépendants,Horizons,Vendée,2,2026-01-29,2026-02-28,584,14,0,570,0.0240,9,5,0,0,0,,33,0,0,,,
PA795298,Legavre,Jérôme,LFI-NFP,La France insoumise - Nouveau Front Populaire,La France Insoumise,Seine-Saint-Denis,12,2026-01-29,2026-02-28,584,56,0,528,0.0959,14,41,1,0,0,,494,0,0,,,
PA795310,Guetté,Clémence,LFI-NFP,La France insoumise - Nouveau Front Populaire,La France Insoumise,Val-de-Marne,2,2026-01-29,2026-02-28,584,124,9,451,0.2123,47,75,2,7,0,0.0000,491,0,0,,,
PA795318,Boyard,Louis,LFI-NFP,La France insoumise - Nouveau Front Populaire,La France Insoumise,Val-de-Marne,3,2026-01-29,2026-02-28,584,148,0,436,0.2534,67,78,3,88,4,0.0455,410,0,0,,,
PA795326,Weissberg,Christopher,EPR,Ensemble pour la République,Ensemble ! (majorité présidentielle),Français établis hors de France,1,2026-01-29,2026-02-28,584,25,0,559,0.0428,18,5,2,0,0,,53,0,0,,,
PA795334,Larrouquis,Benoît,EPR,Ensemble pour la République,Ensemble ! (majorité présidentielle),Français établis hors de France,2,2026-01-29,2026-02-28,584,60,0,524,0.1027,27,32,1,0,0,,61,0,0,,,
PA795350,Valletoux,Frédéric,HOR,Horizons & Indépendants,Horizons,Seine-et-Marne,2,2026-01-29,2026-02-28,584,296,0,288,0.5068,66,218,12,5,4,0.8000,33,0,0,,,
PA795362,Belluco,Lisa,ECOS,Écologiste et Social,Les Écologistes - EELV,Vienne,1,2026-01-29,2026-02-28,584,68,0,516,0.1164,13,54,1,3,0,0.0000,204,0,0,,,
PA795374,Lecamp,Pascal,DEM,Les Démocrates,Ensemble ! (majorité présidentielle),Vienne,3,2026-01-29,2026-02-28,584,164,0,420,0.2808,26,138,0,0,0,,11,0,0,,,
PA795390,Lalanne,Sandrine,EPR,Ensemble pour la République,Ensemble ! (majorité présidentielle),Val-de-Marne,5,2026-01-29,2026-02-28,584,164,0,420,0.2808,53,90,21,5,0,0.0000,61,0,0,,,
PA795402,Coggia,Nathalie,EPR,Ensemble pour la République,Ensemble ! (majorité présidentielle),Français établis hors de France,5,2026-01-29,2026-02-28,584,184,0,400,0.3151,54,128,2,19,11,0.5789,64,0,0,,,
PA795410,Roullaud,Béatrice,RN,Rassemblement National,Rassemblement national,Seine-et-Marne,6,2026-01-29,2026-02-28,584,51,0,533,0.0873,38,8,5,6,0,0.0000,272,0,0,,,
PA795422,Maudet,Damien,LFI-NFP,La France insoumise - Nouveau Front Populaire,La France Insoumise,Haute-Vienne,1,2026-01-29,2026-02-28,584,25,0,559,0.0428,5,19,1,0,0,,494,0,0,,,
PA795430,Delautrette,Stéphane,SOC,Socialistes et apparentés,Parti socialiste,Haute-Vienne,2,2026-01-29,2026-02-28,584,321,0,263,0.5497,78,237,6,22,19,0.8636,190,0,0,,,
PA795454,Ben Cheikh,Karim,ECOS,Écologiste et Social,Les Écologistes - EELV,Français établis hors de France,9,2026-01-29,2026-02-28,584,128,0,456,0.2192,21,107,0,0,0,,130,0,0,,,
PA795466,Soudais,Ersilia,LFI-NFP,La France insoumise - Nouveau Front Populaire,La France Insoumise,Seine-et-Marne,7,2026-01-29,2026-02-28,584,149,0,435,0.2551,53,92,4,7,0,0.0000,491,0,0,,,
PA795482,Meunier,Manon,LFI-NFP,La France insoumise - Nouveau Front Populaire,La France Insoumise,Haute-Vienne,3,2026-01-29,2026-02-28,584,51,0,533,0.0873,8,42,1,0,0,,494,0,0,,,
PA795516,Laisney,Maxime,LFI-NFP,La France insoumise - Nouveau Front Populaire,La France Insoumise,Seine-et-Marne,10,2026-01-29,2026-02-28,584,329,0,255,0.5634,111,211,7,0,0,,497,0,0,,,
PA795528,Rodwell,Charles,EPR,Ensemble pour la République,Ensemble ! (majorité présidentielle),Yvelines,1,2026-01-29,2026-02-28,584,20,0,564,0.0342,13,5,2,38,26,0.6842,264,0,0,,,
PA795540,Grenon,Daniel,NI,Non inscrit,Debout la France,Yonne,1,2026-01-29,2026-02-28,584,65,0,519,0.1113,43,22,0,19,0,0.0000,0,0,0,,,
PA795552,Odoul,Julien,RN,Rassemblement National,Rassemblement national,Yonne,3,2026-01-29,2026-02-28,584,22,0,562,0.0377,15,4,3,70,0,0.0000,701,0,0,,,
PA795588,Amrani,Farida,LFI-NFP,La France insoumise - Nouveau Front Populaire,La France Insoumise,Essonne,1,2026-01-29,2026-02-28,584,44,0,540,0.0753,9,33,2,0,0,,494,0,0,,,
PA795596,Vannier,Paul,LFI-NFP,La France insoumise - Nouveau Front Populaire,La France Insoumise,Val-d'Oise,5,2026-01-29,2026-02-28,584,49,0,535,0.0839,16,32,1,0,0,,494,0,0,,,
PA795616,Bilongo,Carlos Martens,LFI-NFP,La France insoumise - Nouveau Front Populaire,La France Insoumise,Val-d'Oise,8,2026-01-29,2026-02-28,584,14,0,570,0.0240,10,3,1,0,0,,494,0,0,,,
PA795636,Lucas-Lundy,Benjamin,ECOS,Écologiste et Social,Les Écologistes - EELV,Yvelines,8,2026-01-29,2026-02-28,584,102,0,482,0.1747,21,80,1,0,0,,133,0,0,,,
PA795644,Da Conceicao Carvalho,Nathalie,RN,Rassemblement National,Rassemblement national,Essonne,2,2026-01-29,2026-02-28,584,214,0,370,0.3664,161,43,10,0,0,,340,0,0,,,
PA795664,Midy,Paul,EPR,Ensemble pour la République,Ensemble ! (majorité présidentielle),Essonne,5,2026-01-29,2026-02-28,584,89,0,495,0.1524,41,48,0,15,11,0.7333,53,0,0,,,
PA795672,Le Gall,Arnaud,LFI-NFP,La France insoumise - Nouveau Front Populaire,La France Insoumise,Val-d'Oise,9,2026-01-29,2026-02-28,584,152,0,432,0.2603,64,83,5,2,0,0.0000,492,0,0,,,
PA795722,Olive,Karl,EPR,Ensemble pour la République,Ensemble ! (majorité présidentielle),Yvelines,12,2026-01-29,2026-02-28,584,30,0,554,0.0514,9,21,0,0,0,,53,0,0,,,
PA795730,Marchive,Bastien,EPR,Ensemble pour la République,Ensemble ! (majorité présidentielle),Deux-Sèvres,1,2026-01-29,2026-02-28,584,229,0,355,0.3921,58,162,9,0,0,,56,0,0,,,
PA795746,Léaument,Antoine,LFI-NFP,La France insoumise - Nouveau Front Populaire,La France Insoumise,Essonne,10,2026-01-29,2026-02-28,584,156,0,428,0.2671,61,91,4,4,0,0.0000,490,0,0,,,
PA795762,Califer,Elie,SOC,Socialistes et apparentés,Parti progressiste démocratique guadeloupéen,Guadeloupe,4,2026-01-29,2026-02-28,584,122,0,462,0.2089,42,74,6,0,0,,156,0,0,,,
PA795778,Tanguy,Jean-Philippe,RN,Rassemblement National,Rassemblement national,Somme,4,2026-01-29,2026-02-28,584,68,0,516,0.1164,49,12,7,0,0,,372,0,0,,,
PA795786,Ménaché,Yaël,RN,Rassemblement National,Rassemblement national,Somme,5,2026-01-29,2026-02-28,584,56,0,528,0.0959,37,16,3,0,0,,435,0,0,,,
PA795808,Sebaihi,Sabrina,ECOS,Écologiste et Social,Les Écologistes - EELV,Hauts-de-Seine,4,2026-01-29,2026-02-28,584,113,0,471,0.1935,35,76,2,13,4,0.3077,128,0,0,,,
PA795820,Nadeau,Marcellin,GDR,Gauche Démocrate et Républicaine,Péyi-A,Martinique,2,2026-01-29,2026-02-28,584,28,0,556,0.0479,5,23,0,0,0,,122,0,0,,,
PA795844,Erodi,Karen,LFI-NFP,La France insoumise - Nouveau Front Populaire,La France Insoumise,Tarn,2,2026-01-29,2026-02-28,584,296,0,288,0.5068,82,208,6,32,3,0.0938,466,0,0,,,
PA795864,Cazeneuve,Pierre,EPR,Ensemble pour la République,Ensemble ! (majorité présidentielle),Hauts-de-Seine,7,2026-01-29,2026-02-28,584,99,0,485,0.1695,29,68,2,28,7,0.2500,87,0,0,,,
PA795868,Castor,Jean-Victor,GDR,Gauche Démocrate et Républicaine,Mouvement de décolonisation et d'émancipation sociale,Guyane,1,2026-01-29,2026-02-28,584,33,0,551,0.0565,15,17,1,0,0,,144,0,0,,,
PA795876,Rimane,Davy,GDR,Gauche Démocrate et Républicaine,Mouvement de décolonisation et d'émancipation sociale,Guyane,2,2026-01-29,2026-02-28,584,5,0,579,0.0086,5,0,0,0,0,,144,0,0,,,
PA795884,Ferracci,Marc,EPR,Ensemble pour la République,Ensemble ! (majorité présidentielle),Français établis hors de France,6,2026-01-29,2026-02-28,584,70,0,514,0.1199,34,36,0,0,0,,53,0,0,,,
PA795900,Hamelet,Marine,RN,Rassemblement National,Rassemblement national,Tarn-et-Garonne,2,2026-01-29,2026-02-28,584,485,0,99,0.8305,343,114,28,25,0,0.0000,942,0,0,,,
PA795908,Chenevard,Yannick,EPR,Ensemble pour la République,Ensemble ! (majorité présidentielle),Var,1,2026-01-29,2026-02-28,584,20,0,564,0.0342,7,13,0,0,0,,58,0,0,,,
PA795912,Lavalette,Laure,RN,Rassemblement National,Rassemblement national,Var,2,2026-01-29,2026-02-28,584,9,0,575,0.0154,6,1,2,0,0,,267,0,0,,,
PA795920,Thevenot,Prisca,EPR,Ensemble pour la République,Ensemble ! (majorité présidentielle),Hauts-de-Seine,8,2026-01-29,2026-02-28,584,130,0,454,0.2226,45,84,1,0,0,,130,0,0,,,
PA795954,Ibled,Catherine,EPR,Ensemble pour la République,Ensemble ! (majorité présidentielle),Paris,13,2026-01-29,2026-02-28,584,60,0,524,0.1027,24,31,5,0,0,,57,0,0,,,
PA795962,Missoffe,Joséphine,EPR,Ensemble pour la République,Ensemble ! (majorité présidentielle),Paris,14,2026-01-29,2026-02-28,584,162,0,422,0.2774,79,71,12,0,0,,121,0,0,,,
PA795966,Rambaud,Stéphane,RN,Rassemblement National,Rassemblement national,Var,3,2026-01-29,2026-02-28,584,186,0,398,0.3185,132,46,8,19,0,0.0000,479,0,0,,,
PA795974,Lottiaux,Philippe,RN,Rassemblement National,Rassemblement national,Var,4,2026-01-29,2026-02-28,584,231,0,353,0.3955,144,60,27,0,0,,342,0,0,,,
PA795982,Saintoul,Aurélien,LFI-NFP,La France insoumise - Nouveau Front Populaire,La France Insoumise,Hauts-de-Seine,11,2026-01-29,2026-02-28,584,248,0,336,0.4247,77,164,7,7,0,0.0000,487,0,0,,,
PA795998,K/Bidi,Émeline,GDR,Gauche Démocrate et Républicaine,Progrès-974,Réunion,4,2026-01-29,2026-02-28,584,32,0,552,0.0548,23,5,4,19,0,0.0000,128,0,0,,,
PA796010,Maillot,Frédéric,GDR,Gauche Démocrate et Républicaine,Pour la Réunion,Réunion,6,2026-01-29,2026-02-28,584,25,0,559,0.0428,19,4,2,0,0,,123,0,0,,,
PA796018,Simonnet,Danielle,ECOS,Écologiste et Social,Parti communiste français,Paris,15,2026-01-29,2026-02-28,584,176,0,408,0.3014,55,119,2,25,2,0.0800,126,0,0,,,
PA796026,Lechanteux,Julie,RN,Rassemblement National,Rassemblement national,Var,5,2026-01-29,2026-02-28,584,6,0,578,0.0103,5,1,0,0,0,,294,0,0,,,
PA796034,Giletti,Frank,RN,Rassemblement National,Rassemblement national,Var,6,2026-01-29,2026-02-28,584,236,0,348,0.4041,172,57,7,0,0,,406,0,0,,,
PA796042,Boccaletti,Frédéric,RN,Rassemblement National,Rassemblement national,Var,7,2026-01-29,2026-02-28,584,32,0,552,0.0548,29,2,1,1,0,0.0000,294,0,0,,,
PA796050,Schreck,Philippe,RN,Rassemblement National,Rassemblement national,Var,8,2026-01-29,2026-02-28,584,25,0,559,0.0428,17,7,1,4,0,0.0000,592,0,0,,,
PA796062,Portes,Thomas,LFI-NFP,La France insoumise - Nouveau Front Populaire,La France Insoumise,Seine-Saint-Denis,3,2026-01-29,2026-02-28,584,163,0,421,0.2791,42,118,3,8,0,0.0000,486,0,0,,,
PA796070,Gaillard,Perceval,LFI-NFP,La France insoumise - Nouveau Front Populaire,Rézistan's Égalité 974,Réunion,7,2026-01-29,2026-02-28,584,184,0,400,0.3151,57,122,5,0,0,,494,0,0,,,
PA796078,Youssouffa,Estelle,LIOT,"Libertés, Indépendants, Outre-mer et Territoires","Union des démocrates européens, centristes et indépendants",Mayotte,1,2026-01-29,2026-02-28,584,3,0,581,0.0051,2,0,1,13,0,0.0000,59,0,0,,,
PA796090,Caron,Aymeric,LFI-NFP,La France insoumise - Nouveau Front Populaire,La France Insoumise,Paris,18,2026-01-29,2026-02-28,584,11,0,573,0.0188,5,3,3,8,0,0.0000,494,0,0,,,
PA796106,Bénard,Édouard,GDR,Gauche Démocrate et Républicaine,Parti communiste français,Seine-Maritime,3,2026-01-29,2026-02-28,584,87,0,497,0.1490,28,48,11,0,0,,144,0,0,,,
PA796118,Auzanot,Bénédicte,RN,Rassemblement National,Rassemblement national,Vaucluse,2,2026-01-29,2026-02-28,584,36,0,548,0.0616,28,4,4,0,0,,603,0,0,,,
PA805166,Bergantz,Anne,DEM,Les Démocrates,Ensemble ! (majorité présidentielle),Yvelines,2,2026-01-29,2026-02-28,584,193,0,391,0.3305,51,129,13,32,22,0.6875,8,0,0,,,
PA817203,Miller,Laure,EPR,Ensemble pour la République,Ensemble ! (majorité présidentielle),Marne,2,2026-01-29,2026-02-28,584,113,0,471,0.1935,45,62,6,2,0,0.0000,190,0,0,,,
PA817211,Pilato,René,LFI-NFP,La France insoumise - Nouveau Front Populaire,La France Insoumise,Charente,1,2026-01-29,2026-02-28,584,305,0,279,0.5223,90,206,9,28,6,0.2143,467,0,0,,,
PA822617,Froger,Martine,SOC,Socialistes et apparentés,Parti socialiste,Ariège,1,2026-01-29,2026-02-28,584,29,0,555,0.0497,13,13,3,0,0,,159,0,0,,,
PA826635,Rousseau,Aurélien,SOC,Socialistes et apparentés,Parti socialiste,Yvelines,7,2026-01-29,2026-02-28,584,106,0,478,0.1815,22,76,8,0,0,,129,0,0,,,
PA840075,Casterman,Eddy,RN,Rassemblement National,Rassemblement national,Aisne,3,2026-01-29,2026-02-28,584,212,0,372,0.3630,160,39,13,18,0,0.0000,943,0,0,,,
PA840119,Delannoy,Sandra,NI,Non inscrit,Rassemblement national,Nord,3,2026-01-29,2026-02-28,584,12,0,572,0.0205,8,3,1,0,0,,40,0,0,,,
PA840135,Dufosset,Alexandre,RN,Rassemblement National,Rassemblement national,Nord,18,2026-01-29,2026-02-28,584,127,0,457,0.2175,82,26,19,12,0,0.0000,292,0,0,,,
PA840143,Florquin,Guillaume,RN,Rassemblement National,Rassemblement national,Nord,20,2026-01-29,2026-02-28,584,112,0,472,0.1918,90,19,3,7,0,0.0000,290,0,0,,,
PA840159,Clavet,Bruno,RN,Rassemblement National,Rassemblement national,Pas-de-Calais,3,2026-01-29,2026-02-28,584,6,0,578,0.0103,6,0,0,0,0,,267,0,0,,,
PA840171,Grégoire,Emmanuel,SOC,Socialistes et apparentés,Parti socialiste,Paris,7,2026-01-29,2026-02-28,584,3,0,581,0.0051,3,0,0,0,0,,136,0,0,,,
PA840235,Frébault,Moerani,EPR,Ensemble pour la République,Tapura Huiraatira,Polynésie Française,1,2026-01-29,2026-02-28,584,28,0,556,0.0479,20,8,0,0,0,,58,0,0,,,
PA840657,Ricourt Vaginay,Sophie,UDDPLR,Union des droites pour la République,UDR - Union des Droites pour la République,Alpes-de-Haute-Provence,2,2026-01-29,2026-02-28,584,86,0,498,0.1473,71,14,1,0,0,,355,0,0,,,
PA840665,Allemand,Marie-José,SOC,Socialistes et apparentés,Parti socialiste,Hautes-Alpes,1,2026-01-29,2026-02-28,584,255,0,329,0.4366,70,174,11,0,0,,147,0,0,,,
PA840673,Rossi,Valérie,SOC,Socialistes et apparentés,Parti socialiste,Hautes-Alpes,2,2026-01-29,2026-02-28,584,212,0,372,0.3630,77,108,27,0,0,,216,0,0,,,
PA840685,Trébuchet,Vincent,UDDPLR,Union des droites pour la République,UDR - Union des Droites pour la République,Ardèche,2,2026-01-29,2026-02-28,584,120,0,464,0.2055,98,21,1,101,1,0.0099,321,0,0,,,
PA840701,Chaix,Bernard,UDDPLR,Union des droites pour la République,UDR - Union des Droites pour la République,Alpes-Maritimes,3,2026-01-29,2026-02-28,584,66,0,518,0.1130,49,16,1,0,0,,13,0,0,,,
PA840721,Chavent,Marc,UDDPLR,Union des droites pour la République,UDR - Union des Droites pour la République,Ain,5,2026-01-29,2026-02-28,584,50,0,534,0.0856,38,11,1,0,0,,10,0,0,,,
PA840757,Griseti,Monique,RN,Rassemblement National,Rassemblement national,Bouches-du-Rhône,1,2026-01-29,2026-02-28,584,154,0,430,0.2637,121,25,8,4,0,0.0000,465,0,0,,,
PA840765,Lhardit,Laurent,SOC,Socialistes et apparentés,Parti socialiste,Bouches-du-Rhône,2,2026-01-29,2026-02-28,584,106,0,478,0.1815,25,80,1,3,0,0.0000,130,0,0,,,
PA840773,Fayssat,Olivier,UDDPLR,Union des droites pour la République,UDR - Union des Droites pour la République,Bouches-du-Rhône,6,2026-01-29,2026-02-28,584,299,0,285,0.5120,207,73,19,1,0,0.0000,27,0,0,,,
PA840781,Tonussi,Romain,RN,Rassemblement National,Rassemblement national,Bouches-du-Rhône,8,2026-01-29,2026-02-28,584,85,0,499,0.1455,65,16,4,25,0,0.0000,279,0,0,,,
PA840793,Pena,Marc,SOC,Socialistes et apparentés,Parti socialiste,Bouches-du-Rhône,11,2026-01-29,2026-02-28,584,3,0,581,0.0051,2,1,0,0,0,,219,0,0,,,
PA840801,Fouquart,Emmanuel,RN,Rassemblement National,Rassemblement national,Bouches-du-Rhône,13,2026-01-29,2026-02-28,584,73,0,511,0.1250,57,11,5,0,0,,260,0,0,,,
PA840809,Verny,Gérault,UDDPLR,Union des droites pour la République,UDR - Union des Droites pour la République,Bouches-du-Rhône,14,2026-01-29,2026-02-28,584,29,0,555,0.0497,21,8,0,37,0,0.0000,300,0,0,,,
PA840817,Bruneau,Joël,LIOT,"Libertés, Indépendants, Outre-mer et Territoires",Régions et peuples solidaires,Calvados,1,2026-01-29,2026-02-28,584,166,0,418,0.2842,80,80,6,0,0,,74,0,0,,,
PA840829,Barusseau,Fabrice,SOC,Socialistes et apparentés,Parti socialiste,Charente-Maritime,3,2026-01-29,2026-02-28,584,347,0,237,0.5942,108,230,9,3,1,0.3333,140,0,0,,,
PA840837,Markowsky,Pascal,RN,Rassemblement National,Rassemblement national,Charente-Maritime,4,2026-01-29,2026-02-28,584,276,0,308,0.4726,206,57,13,0,0,,331,0,0,,,
PA840857,Lechon,Nadine,RN,Rassemblement National,Rassemblement national,Dordogne,1,2026-01-29,2026-02-28,584,48,0,536,0.0822,38,9,1,0,0,,640,0,0,,,
PA840869,Joubert,Florence,RN,Rassemblement National,Rassemblement national,Dordogne,3,2026-01-29,2026-02-28,584,194,0,390,0.3322,150,37,7,5,0,0.0000,583,0,0,,,
PA840889,Bloch,Matthieu,UDDPLR,Union des droites pour la République,UDR - Union des Droites pour la République,Doubs,3,2026-01-29,2026-02-28,584,192,0,392,0.3288,145,38,9,72,0,0.0000,19,0,0,,,
PA840903,Christophle,Paul,SOC,Socialistes et apparentés,Parti socialiste,Drôme,1,2026-01-29,2026-02-28,584,2,0,582,0.0034,2,0,0,0,0,,143,0,0,,,
PA840915,Monnier,Thibaut,RN,Rassemblement National,Rassemblement national,Drôme,4,2026-01-29,2026-02-28,584,197,0,387,0.3373,152,35,10,14,0,0.0000,567,0,0,,,
PA840939,Godard,Océane,SOC,Socialistes et apparentés,Parti socialiste,Côte-d'Or,1,2026-01-29,2026-02-28,584,282,0,302,0.4829,64,210,8,16,3,0.1875,144,0,0,,,
PA840947,Hervieu,Catherine,ECOS,Écologiste et Social,Les Écologistes - EELV,Côte-d'Or,2,2026-01-29,2026-02-28,584,212,0,372,0.3630,92,116,4,8,1,0.1250,125,0,0,,,
PA840955,Pribetich,Pierre,SOC,Socialistes et apparentés,Parti socialiste,Côte-d'Or,3,2026-01-29,2026-02-28,584,315,0,269,0.5394,113,194,8,0,0,,135,0,0,,,
PA840967,Lioret,René,RN,Rassemblement National,Rassemblement national,Côte-d'Or,5,2026-01-29,2026-02-28,584,52,0,532,0.0890,42,6,4,0,0,,397,0,0,,,
PA840979,Le Fur,Corentin,DR,Droite Républicaine,Les Républicains,Côtes-d'Armor,3,2026-01-29,2026-02-28,584,79,0,505,0.1353,55,22,2,41,0,0.0000,481,0,0,,,
PA840983,Lenoir,Bartolomé,UDDPLR,Union des droites pour la République,UDR - Union des Droites pour la République,Creuse,1,2026-01-29,2026-02-28,584,74,0,510,0.1267,60,10,4,7,0,0.0000,65,0,0,,,
PA840997,Biteau,Benoît,ECOS,Écologiste et Social,Les Écologistes - EELV,Charente-Maritime,2,2026-01-29,2026-02-28,584,100,0,484,0.1712,34,66,0,6,1,0.1667,127,0,0,,,
PA841017,Huwart,Harold,LIOT,"Libertés, Indépendants, Outre-mer et Territoires",Régions et peuples solidaires,Eure-et-Loir,3,2026-01-29,2026-02-28,584,5,0,579,0.0086,3,1,1,0,0,,30,0,0,,,
PA841023,Cadalen,Pierre-Yves,LFI-NFP,La France insoumise - Nouveau Front Populaire,La France Insoumise,Finistère,2,2026-01-29,2026-02-28,584,146,0,438,0.2500,51,88,7,10,0,0.0000,484,0,0,,,
PA841047,Ceccoli,François-Xavier,DR,Droite Républicaine,Les Républicains,Haute-Corse,2,2026-01-29,2026-02-28,584,59,0,525,0.1010,51,7,1,5,0,0.0000,249,0,0,,,
PA841067,Allegret-Pilot,Alexandre,UDDPLR,Union des droites pour la République,UDR - Union des Droites pour la République,Gard,5,2026-01-29,2026-02-28,584,152,0,432,0.2603,125,20,7,67,0,0.0000,419,0,0,,,
PA841075,Josserand,Sylvie,RN,Rassemblement National,Rassemblement national,Gard,6,2026-01-29,2026-02-28,584,94,0,490,0.1610,73,13,8,0,0,,264,0,0,,,
PA841091,Simion,Arnaud,SOC,Socialistes et apparentés,Parti socialiste,Haute-Garonne,6,2026-01-29,2026-02-28,584,238,0,346,0.4075,53,173,12,4,3,0.7500,155,0,0,,,
PA841107,Oberti,Jacques,SOC,Socialistes et apparentés,Parti socialiste,Haute-Garonne,10,2026-01-29,2026-02-28,584,480,0,104,0.8219,146,305,29,0,0,,124,0,0,,,
PA841131,Bouquin,Manon,RN,Rassemblement National,Rassemblement national,Hérault,4,2026-01-29,2026-02-28,584,342,0,242,0.5856,264,68,10,9,0,0.0000,418,0,0,,,
PA841139,Gabarron,Julien,RN,Rassemblement National,Rassemblement national,Hérault,6,2026-01-29,2026-02-28,584,6,0,578,0.0103,5,1,0,0,0,,282,0,0,,,
PA841151,Fruchon,Alix,DR,Droite Républicaine,Non rattaché(s),Indre,2,2026-01-29,2026-02-28,584,134,0,450,0.2295,70,59,5,2,0,0.0000,53,0,0,,,
PA841183,Mansouri,Hanane,UDDPLR,Union des droites pour la République,UDR - Union des Droites pour la République,Isère,8,2026-01-29,2026-02-28,584,197,0,387,0.3373,155,35,7,153,0,0.0000,122,0,0,,,
PA841191,Nosbé,Sandrine,LFI-NFP,La France insoumise - Nouveau Front Populaire,La France Insoumise,Isère,9,2026-01-29,2026-02-28,584,183,0,401,0.3134,88,86,9,0,0,,498,0,0,,,
PA841199,Perez,Thierry,RN,Rassemblement National,Rassemblement national,Isère,10,2026-01-29,2026-02-28,584,56,0,528,0.0959,43,11,2,0,0,,269,0,0,,,
PA841207,Alloncle,Charles,UDDPLR,Union des droites pour la République,UDR - Union des Droites pour la République,Hérault,9,2026-01-29,2026-02-28,584,6,0,578,0.0103,5,1,0,0,0,,15,0,0,,,
PA841215,Mesmeur,Marie,LFI-NFP,La France insoumise - Nouveau Front Populaire,La France Insoumise,Ille-et-Vilaine,1,2026-01-29,2026-02-28,584,46,0,538,0.0788,21,21,4,3,0,0.0000,495,0,0,,,
PA841223,Lahais,Tristan,ECOS,Écologiste et Social,Les Écologistes - EELV,Ille-et-Vilaine,2,2026-01-29,2026-02-28,584,298,0,286,0.5103,81,211,6,0,0,,131,0,0,,,
PA841243,Saint-Pasteur,Sébastien,SOC,Socialistes et apparentés,Parti socialiste,Gironde,7,2026-01-29,2026-02-28,584,18,0,566,0.0308,5,13,0,0,0,,129,0,0,,,
PA841251,Feld,Mathilde,LFI-NFP,La France insoumise - Nouveau Front Populaire,La France Insoumise,Gironde,12,2026-01-29,2026-02-28,584,283,0,301,0.4846,103,171,9,60,2,0.0333,437,0,0,,,
PA841295,Courbon,Pierrick,SOC,Socialistes et apparentés,Parti socialiste,Loire,1,2026-01-29,2026-02-28,584,68,0,516,0.1164,24,44,0,11,0,0.0000,135,0,0,,,
PA841315,Benbrahim,Karim,SOC,Socialistes et apparentés,Parti socialiste,Loire-Atlantique,1,2026-01-29,2026-02-28,584,120,0,464,0.2055,52,58,10,0,0,,133,0,0,,,
PA841327,Roussel,Fabrice,SOC,Socialistes et apparentés,Parti socialiste,Loire-Atlantique,5,2026-01-29,2026-02-28,584,160,0,424,0.2740,58,97,5,0,0,,137,0,0,,,
PA841339,Brard,Jean-Michel,HOR,Horizons & Indépendants,Horizons,Loire-Atlantique,9,2026-01-29,2026-02-28,584,122,0,462,0.2089,77,41,4,1,0,0.0000,87,0,0,,,
PA841351,Duplessy,Emmanuel,ECOS,Écologiste et Social,Les Écologistes - EELV,Loiret,2,2026-01-29,2026-02-28,584,113,0,471,0.1935,26,87,0,0,0,,154,0,0,,,
PA841359,de Pélichy,Constance,LIOT,"Libertés, Indépendants, Outre-mer et Territoires","Union des démocrates européens, centristes et indépendants",Loiret,3,2026-01-29,2026-02-28,584,131,0,453,0.2243,48,74,9,1,0,0.0000,55,0,0,,,
PA841367,Proença,Christophe,SOC,Socialistes et apparentés,Parti socialiste,Lot,2,2026-01-29,2026-02-28,584,111,0,473,0.1901,35,73,3,0,0,,139,0,0,,,
PA841381,Pantel,Sophie,SOC,Socialistes et apparentés,Régions et peuples solidaires,Lozère,1,2026-01-29,2026-02-28,584,304,0,280,0.5205,107,180,17,0,0,,129,0,0,,,
PA841395,Michelet,Maxime,UDDPLR,Union des droites pour la République,UDR - Union des Droites pour la République,Marne,3,2026-01-29,2026-02-28,584,74,0,510,0.1267,58,9,7,0,0,,203,0,0,,,
PA841419,Girard,Damien,ECOS,Écologiste et Social,Les Écologistes - EELV,Morbihan,5,2026-01-29,2026-02-28,584,83,0,501,0.1421,26,57,0,4,4,1.0000,134,0,0,,,
PA841431,Colin-Oesterlé,Nathalie,HOR,Horizons & Indépendants,"Union des démocrates européens, centristes et indépendants",Moselle,3,2026-01-29,2026-02-28,584,139,0,445,0.2380,66,57,16,101,7,0.0693,58,0,0,,,
PA841439,Jenft,Pascal,RN,Rassemblement National,Rassemblement national,Moselle,5,2026-01-29,2026-02-28,584,33,0,551,0.0565,28,4,1,0,0,,255,0,0,,,
PA841451,Guibert,Julien,RN,Rassemblement National,Rassemblement national,Nièvre,2,2026-01-29,2026-02-28,584,195,0,389,0.3339,143,44,8,0,0,,292,0,0,,,
PA841463,Mercier,Estelle,SOC,Socialistes et apparentés,Parti socialiste,Meurthe-et-Moselle,1,2026-01-29,2026-02-28,584,253,0,331,0.4332,67,175,11,0,0,,129,0,0,,,
PA841471,Hablot,Stéphane,SOC,Socialistes et apparentés,Parti socialiste,Meurthe-et-Moselle,2,2026-01-29,2026-02-28,584,13,0,571,0.0223,8,5,0,0,0,,129,0,0,,,
PA841479,Weber,Frédéric,RN,Rassemblement National,Rassemblement national,Meurthe-et-Moselle,3,2026-01-29,2026-02-28,584,175,0,409,0.2997,132,32,11,0,0,,515,0,0,,,
PA841487,Boulogne,Anthony,RN,Rassemblement National,Rassemblement national,Meurthe-et-Moselle,6,2026-01-29,2026-02-28,584,161,0,423,0.2757,97,36,28,4,0,0.0000,256,0,0,,,
PA841495,Amblard,Maxime,RN,Rassemblement National,Rassemblement national,Meuse,1,2026-01-29,2026-02-28,584,64,0,520,0.1096,37,17,10,1,0,0.0000,292,0,0,,,
PA841507,Bonnet,Nicolas,ECOS,Écologiste et Social,Les Écologistes - EELV,Puy-de-Dôme,3,2026-01-29,2026-02-28,584,147,0,437,0.2517,39,107,1,3,0,0.0000,139,0,0,,,
PA841515,Le Coq,Aurélien,LFI-NFP,La France insoumise - Nouveau Front Populaire,La France Insoumise,Nord,1,2026-01-29,2026-02-28,584,17,0,567,0.0291,11,5,1,0,0,,498,0,0,,,
PA841539,Gokel,Julien,SOC,Socialistes et apparentés,Parti socialiste,Nord,13,2026-01-29,2026-02-28,584,26,0,558,0.0445,12,13,1,0,0,,129,0,0,,,
PA841553,Tesson,Thierry,RN,Rassemblement National,Rassemblement national,Nord,17,2026-01-29,2026-02-28,584,32,0,552,0.0548,21,6,5,0,0,,366,0,0,,,
PA841563,Marais-Beuil,Claire,RN,Rassemblement National,Rassemblement national,Oise,1,2026-01-29,2026-02-28,584,479,0,105,0.8202,345,108,26,0,0,,603,0,0,,,
PA841575,Vos,Frédéric-Pierre,RN,Rassemblement National,Rassemblement national,Oise,5,2026-01-29,2026-02-28,584,39,0,545,0.0668,25,14,0,14,0,0.0000,723,0,0,,,
PA841587,Magnier,David,RN,Rassemblement National,Rassemblement national,Oise,7,2026-01-29,2026-02-28,584,449,0,135,0.7688,332,95,22,6,0,0.0000,435,0,0,,,
PA841605,Golliot,Antoine,RN,Rassemblement National,Rassemblement national,Pas-de-Calais,5,2026-01-29,2026-02-28,584,68,0,516,0.1164,50,15,3,10,0,0.0000,775,0,0,,,
PA841613,de Fleurian,Marc,RN,Rassemblement National,Rassemblement national,Pas-de-Calais,7,2026-01-29,2026-02-28,584,171,0,413,0.2928,127,39,5,0,0,,449,0,0,,,
PA841621,Evrard,Auguste,RN,Rassemblement National,Rassemblement national,Pas-de-Calais,8,2026-01-29,2026-02-28,584,98,0,486,0.1678,77,14,7,3,0,0.0000,485,0,0,,,
PA841633,Dufau,Peio,SOC,Socialistes et apparentés,Parti socialiste,Pyrénées-Atlantiques,6,2026-01-29,2026-02-28,584,205,0,379,0.3510,61,130,14,13,0,0.0000,118,0,0,,,
PA841645,Bernhardt,Théo,RN,Rassemblement National,Rassemblement national,Bas-Rhin,8,2026-01-29,2026-02-28,584,291,0,293,0.4983,172,73,46,67,0,0.0000,317,0,0,,,
PA841657,Belouassa-Cherifi,Anaïs,LFI-NFP,La France insoumise - Nouveau Front Populaire,La France Insoumise,Rhône,1,2026-01-29,2026-02-28,584,4,0,580,0.0068,3,0,1,6,0,0.0000,488,0,0,,,
PA841665,Fégné,Denis,SOC,Socialistes et apparentés,Parti socialiste,Hautes-Pyrénées,2,2026-01-29,2026-02-28,584,358,0,226,0.6130,121,218,19,0,0,,143,0,0,,,
PA841681,Sother,Thierry,SOC,Socialistes et apparentés,Parti socialiste,Bas-Rhin,3,2026-01-29,2026-02-28,584,39,0,545,0.0668,17,19,3,14,4,0.2857,127,0,0,,,
PA841701,Balage El Mariky,Léa,ECOS,Écologiste et Social,Les Écologistes - EELV,Paris,3,2026-01-29,2026-02-28,584,133,0,451,0.2277,35,97,1,11,0,0.0000,147,0,0,,,
PA841713,Tavernier,Boris,ECOS,Écologiste et Social,Les Écologistes - EELV,Rhône,2,2026-01-29,2026-02-28,584,147,0,437,0.2517,47,98,2,5,0,0.0000,126,0,0,,,
PA841717,Runel,Sandrine,SOC,Socialistes et apparentés,Parti socialiste,Rhône,4,2026-01-29,2026-02-28,584,359,0,225,0.6147,98,244,17,28,3,0.1071,131,0,0,,,
PA841729,Lahmar,Abdelkader,LFI-NFP,La France insoumise - Nouveau Front Populaire,La France Insoumise,Rhône,7,2026-01-29,2026-02-28,584,28,0,556,0.0479,7,20,1,0,0,,494,0,0,,,
PA841737,Gery,Jonathan,RN,Rassemblement National,Rassemblement national,Rhône,8,2026-01-29,2026-02-28,584,167,0,417,0.2860,115,41,11,0,0,,722,0,0,,,
PA841749,Joncour,Tiffany,RN,Rassemblement National,Rassemblement national,Rhône,13,2026-01-29,2026-02-28,584,123,0,461,0.2106,86,29,8,10,0,0.0000,771,0,0,,,
PA841761,Dutremble,Aurélien,RN,Rassemblement National,Rassemblement national,Saône-et-Loire,3,2026-01-29,2026-02-28,584,70,0,514,0.1199,49,17,4,0,0,,335,0,0,,,
PA841769,Michoux,Éric,UDDPLR,Union des droites pour la République,UDR - Union des Droites pour la République,Saône-et-Loire,4,2026-01-29,2026-02-28,584,110,0,474,0.1884,87,17,6,20,0,0.0000,147,0,0,,,
PA841813,Herouin-Léautey,Florence,SOC,Socialistes et apparentés,Parti socialiste,Seine-Maritime,1,2026-01-29,2026-02-28,584,39,0,545,0.0668,9,29,1,1,1,1.0000,148,0,0,,,
PA841825,Martin,Patrice,RN,Rassemblement National,Rassemblement national,Seine-Maritime,6,2026-01-29,2026-02-28,584,254,0,330,0.4349,182,57,15,0,0,,302,0,0,,,
PA841837,Le Bourgeois,Robert,RN,Rassemblement National,Rassemblement national,Seine-Maritime,10,2026-01-29,2026-02-28,584,186,0,398,0.3185,134,48,4,0,0,,376,0,0,,,
PA841845,Saint-Martin,Arnaud,LFI-NFP,La France insoumise - Nouveau Front Populaire,La France Insoumise,Seine-et-Marne,1,2026-01-29,2026-02-28,584,187,0,397,0.3202,51,133,3,2,2,1.0000,492,0,0,,,
PA841853,Hervieu,Céline,SOC,Socialistes et apparentés,Parti socialiste,Paris,11,2026-01-29,2026-02-28,584,66,0,518,0.1130,16,49,1,7,0,0.0000,136,0,0,,,
PA841873,Limongi,Julien,RN,Rassemblement National,Rassemblement national,Seine-et-Marne,4,2026-01-29,2026-02-28,584,76,0,508,0.1301,45,26,5,7,0,0.0000,480,0,0,,,
PA841885,Bonnet,Arnaud,ECOS,Écologiste et Social,Les Écologistes - EELV,Seine-et-Marne,8,2026-01-29,2026-02-28,584,262,0,322,0.4486,75,181,6,0,0,,137,0,0,,,
PA841893,Thiébault-Martinez,Céline,SOC,Socialistes et apparentés,Parti socialiste,Seine-et-Marne,9,2026-01-29,2026-02-28,584,127,0,457,0.2175,49,73,5,8,1,0.1250,146,0,0,,,
PA841919,Diop,Dieynaba,SOC,Socialistes et apparentés,Parti socialiste,Yvelines,9,2026-01-29,2026-02-28,584,270,0,314,0.4623,63,201,6,0,0,,132,0,0,,,
PA841927,Ronceret,Anne-Sophie,EPR,Ensemble pour la République,Ensemble ! (majorité présidentielle),Yvelines,10,2026-01-29,2026-02-28,584,133,0,451,0.2277,68,63,2,12,3,0.2500,217,0,0,,,
PA841931,Mazaury,Laurent,LIOT,"Libertés, Indépendants, Outre-mer et Territoires","Union des démocrates européens, centristes et indépendants",Yvelines,11,2026-01-29,2026-02-28,584,96,0,488,0.1644,43,48,5,32,3,0.0938,89,0,0,,,
PA841947,Hamdane,Zahia,LFI-NFP,La France insoumise - Nouveau Front Populaire,La France Insoumise,Somme,2,2026-01-29,2026-02-28,584,146,0,438,0.2500,60,80,6,0,0,,498,0,0,,,
PA841955,Renault,Matthias,RN,Rassemblement National,Rassemblement national,Somme,3,2026-01-29,2026-02-28,584,126,0,458,0.2158,101,17,8,161,0,0.0000,561,0,0,,,
PA841973,Carbonnel,Pierre-Henri,UDDPLR,Union des droites pour la République,UDR - Union des Droites pour la République,Tarn-et-Garonne,1,2026-01-29,2026-02-28,584,180,0,404,0.3082,118,51,11,2,0,0.0000,22,0,0,,,
PA841981,Rimbert,Catherine,RN,Rassemblement National,Rassemblement national,Vaucluse,5,2026-01-29,2026-02-28,584,213,0,371,0.3647,172,32,9,0,0,,473,0,0,,,
PA842001,Bigot,Guillaume,RN,Rassemblement National,Rassemblement national,Territoire de Belfort,2,2026-01-29,2026-02-28,584,50,0,534,0.0856,31,16,3,2,0,0.0000,364,0,0,,,
PA842013,Gustave,Steevy,ECOS,Écologiste et Social,Les Écologistes - EELV,Essonne,3,2026-01-29,2026-02-28,584,261,0,323,0.4469,79,174,8,0,0,,131,0,0,,,
PA842029,Lejeune,Claire,LFI-NFP,La France insoumise - Nouveau Front Populaire,La France Insoumise,Essonne,7,2026-01-29,2026-02-28,584,154,0,430,0.2637,38,113,3,7,0,0.0000,487,0,0,,,
PA842037,Cernon,Bérenger,LFI-NFP,La France insoumise - Nouveau Front Populaire,La France Insoumise,Essonne,8,2026-01-29,2026-02-28,584,177,0,407,0.3031,75,91,11,3,0,0.0000,491,0,0,,,
PA842045,Ozenne,Julie,ECOS,Écologiste et Social,Les Écologistes - EELV,Essonne,9,2026-01-29,2026-02-28,584,143,0,441,0.2449,53,88,2,2,0,0.0000,134,0,0,,,
PA842073,Dussausaye,Gaëtan,RN,Rassemblement National,Rassemblement national,Vosges,2,2026-01-29,2026-02-28,584,49,0,535,0.0839,29,4,16,6,0,0.0000,352,0,0,,,
PA842085,Humbert,Sébastien,RN,Rassemblement National,Rassemblement national,Vosges,4,2026-01-29,2026-02-28,584,282,0,302,0.4829,209,61,12,17,1,0.0588,274,0,0,,,
PA842097,Roy,Sophie-Laurence,RN,Rassemblement National,Rassemblement national,Yonne,2,2026-01-29,2026-02-28,584,275,0,309,0.4709,217,50,8,31,0,0.0000,568,0,0,,,
PA842105,Arnault,Raphaël,LFI-NFP,La France insoumise - Nouveau Front Populaire,La France Insoumise,Vaucluse,1,2026-01-29,2026-02-28,584,279,0,305,0.4777,75,199,5,0,0,,494,0,0,,,
PA842121,Tryzna,Nicolas,DR,Droite Républicaine,Les Républicains,Val-de-Marne,7,2026-01-29,2026-02-28,584,130,0,454,0.2226,103,26,1,256,1,0.0039,370,0,0,,,
PA842125,Lam,Thomas,HOR,Horizons & Indépendants,Horizons,Hauts-de-Seine,2,2026-01-29,2026-02-28,584,422,0,162,0.7226,226,148,48,5,0,0.0000,123,0,0,,,
PA842141,de Maistre,Élisabeth,DR,Droite Républicaine,Les Républicains,Hauts-de-Seine,9,2026-01-29,2026-02-28,584,112,0,472,0.1918,85,26,1,98,0,0.0000,781,0,0,,,
PA842147,Mongardien,Christophe,EPR,Ensemble pour la République,Ensemble ! (majorité présidentielle),Hauts-de-Seine,13,2026-01-29,2026-02-28,584,452,0,132,0.7740,112,338,2,6,1,0.1667,52,0,0,,,
PA842155,Diouara,Aly,LFI-NFP,La France insoumise - Nouveau Front Populaire,La France Insoumise,Seine-Saint-Denis,5,2026-01-29,2026-02-28,584,4,0,580,0.0068,2,1,1,0,0,,494,0,0,,,
PA842183,Blanchard,Benoît,HOR,Horizons & Indépendants,Horizons,Val-d'Oise,4,2026-01-29,2026-02-28,584,367,0,217,0.6284,199,156,12,0,0,,41,0,0,,,
PA842187,Cathala,Gabrielle,LFI-NFP,La France insoumise - Nouveau Front Populaire,La France Insoumise,Val-d'Oise,6,2026-01-29,2026-02-28,584,156,0,428,0.2671,50,103,3,1,0,0.0000,493,0,0,,,
PA842195,Eskenazi,Romain,SOC,Socialistes et apparentés,Parti socialiste,Val-d'Oise,7,2026-01-29,2026-02-28,584,80,0,504,0.1370,18,57,5,0,0,,140,0,0,,,
PA842211,Bellay,Béatrice,SOC,Socialistes et apparentés,Parti socialiste,Martinique,3,2026-01-29,2026-02-28,584,3,0,581,0.0051,2,0,1,7,0,0.0000,162,0,0,,,
PA842227,Rivière,Joseph,RN,Rassemblement National,Rassemblement national,Réunion,3,2026-01-29,2026-02-28,584,140,0,444,0.2397,101,29,10,8,0,0.0000,509,0,0,,,
PA842255,Sicard,Anne,RN,Rassemblement National,Rassemblement national,Val-d'Oise,1,2026-01-29,2026-02-28,584,316,0,268,0.5411,239,64,13,1,0,0.0000,517,0,0,,,
PA842263,Hadizadeh,Ayda,SOC,Socialistes et apparentés,Parti socialiste,Val-d'Oise,2,2026-01-29,2026-02-28,584,217,0,367,0.3716,46,168,3,0,0,,136,0,0,,,
PA842271,Maurel,Emmanuel,GDR,Gauche Démocrate et Républicaine,Parti communiste français,Val-d'Oise,3,2026-01-29,2026-02-28,584,59,0,525,0.1010,39,18,2,19,6,0.3158,116,0,0,,,
PA842279,Bamana,Anchya,RN,Rassemblement National,Rassemblement national,Mayotte,2,2026-01-29,2026-02-28,584,180,0,404,0.3082,140,33,7,0,0,,769,0,0,,,
PA842299,Tjibaou,Emmanuel,GDR,Gauche Démocrate et Républicaine,Non rattaché(s),Nouvelle-Calédonie,2,2026-01-29,2026-02-28,584,56,0,528,0.0959,17,33,6,0,0,,147,0,0,,,
PA842311,Caure,Vincent,EPR,Ensemble pour la République,Ensemble ! (majorité présidentielle),Français établis hors de France,3,2026-01-29,2026-02-28,584,71,0,513,0.1216,30,40,1,14,7,0.5000,60,0,0,,,
PA870009,Duparay,Lionel,DR,Droite Républicaine,Les Républicains,Saône-et-Loire,5,2026-01-29,2026-02-28,584,356,0,228,0.6096,225,110,21,2,0,0.0000,620,0,0,,,
PA878242,Valentin,Antoine,UDDPLR,Union des droites pour la République,,Haute-Savoie,3,2026-02-01,2026-02-28,545,62,0,483,0.1138,46,10,6,8,0,0.0000,322,0,0,,,
PA879389,Lubet,Marie-Philippe,EPR,Ensemble pour la République,,Loiret,1,2026-01-29,2026-02-28,584,4,0,580,0.0068,3,1,0,0,0,,0,0,0,,,
PA942,de Courson,Charles,LIOT,"Libertés, Indépendants, Outre-mer et Territoires","Union des démocrates européens, centristes et indépendants",Marne,5,2026-01-29,2026-02-28,584,33,0,551,0.0565,13,20,0,7,0,0.0000,74,0,0,,,
